Page ID,Page name,Disclaimer,Amount spent (EUR)
196114277078358,DIE LINKE Land Bremen,DIE LINKE Land Bremen,5716
152934608113175,FDP Bremen,FDP Bremen,5147
207429192606075,Grüne Bremen,Grüne Bremen,4605
2314697952137404,Volt Bremen,Volt Deutschland - Landesverband Bremen,4431
104052104595148,"Senatorin für Gesundheit, Frauen, Verbraucherschutz Bremen","Senatorin für Gesundheit, Frauen und Verbraucherschutz",3040
524965010906886,SPD Land Bremen,SPD LAND BREMEN,2955
112326918787579,CDU Bremen,"CDU Bremen, Landesverband",2247
149516825090519,BÜRGER IN WUT Bremen/Bremerhaven,BÜRGER IN WUT Bremen/Bremerhaven,2241
123523341045520,DIE FAMILIENUNTERNEHMER,Die Familienunternehmer,2024
119717121028852,Rheinland-Pfalz.Gold,"Ministerium für Wirtschaft, Verkehr, Landwirtschaft und Weinbau Rheinland-Pfalz",1980
106626487721376,Amazon Europe,Amazon Europe,1777
1718191738408875,CDU Schwachhausen - Bremen,CDU Schwachhausen - Bremen,1680
641809389224426,Piet Leidreiter,Piet Leidreiter,1626
371028716141,Tobias Huch,Tobias Christoph Huch,1352
106516184465027,IIIIdieBasis,dieBasis Basisdemokratische Partei Deutschland,769
584445455088799,Sozialwahl 2023,Sozialwahl 2023,734
112695681706961,Jörg Müller-Arnecke,Jörg Müller-Arnecke,570
103445325977929,Dr. Christian Kornek,Dr. Christian Kornek,508
112062055514490,Bremische Bürgerschaft,Bremische Bürgerschaft,482
373965576073037,FDP Bremerhaven,Freie Demokratische Partei (FDP) Kreisverband Bremerhaven,474
103822184707126,Shell Deutschland,Shell Deutschland,428
145515688966492,SPD Bremen-Stadt,SPD-Un­ter­be­zirk Bre­men-Stadt,409
170688644503,UNICEF Deutschland,UNICEF Deutschland,408
1249025528531105,LV Bremen - Tierschutzpartei,PARTEI MENSCH UMWELT TIERSCHUTZ,362
102169625710148,ClimaClic,Burda Direct GmbH,356
115430518511470,Jusos Bremen,Jusos Bremen,350
108201222231260,Bremenli Türkiyeliler Ağı,Bremenli Türkiyeliler Ağı,311
218786540044,WWF Deutschland,WWF Deutschland,306
111501317017740,Motatos Deutschland,Motatos,286
201065353264638,yello,yello,282
56497026719,SOS-Kinderdörfer weltweit,SOS-Kinderdörfer weltweit Hermann-Gmeiner-Fonds Deutschland e.V.,272
22541752487,Greenpeace Deutschland,Greenpeace Deutschland,271
331832984040,LichtBlick,LichtBlick,266
118442081574273,GRÜNE JUGEND Bremen,GRÜNE JUGEND Bremen,263
104478358648710,DAK VRV e.V.,DAK VRV e.V.,253
164014383647221,BARMER,BARMER,253
341486659645594,FDP Fraktion Bundestag,Fraktion der Freien Demokraten im Deutschen Bundestag,229
136260152219,World Vision Deutschland e.V.,World Vision Deutschland e.V.,224
161273245888,Save the Children Deutschland,Save the Children Deutschland,216
273454591804,SOS-Kinderdorf Deutschland,SOS-Kinderdorf e.V.,202
111201741905505,Jannis Fricke,Jannis Fricke,196
21242962092,ClientEarth,ClientEarth Deutschland,182
206144186658041,Imran Rose,Imran Saladin Kilian Rose,174
371028716141,Tobias Huch,Tobias Huch,173
75492447764,GLS Bank,GLS Bank,168
236934790401,UNO-Flüchtlingshilfe,UNO-Flüchtlingshilfe,151
720447101324741,Simon Zeimke,Simon Zeimke,140
1638965259687442,SPD Oberneuland,SPD Oberneuland,124
110976485656573,Junge Liberale JuLis,Junge Liberale,124
478399422560922,KadeFungin,DR. KADE,119
1551791831792745,Recai Aytas,Aytas Recai,116
197197970454703,ACV Automobil-Club Verkehr,These ads ran without a disclaimer,114
1249025528531105,LV Bremen - Tierschutzpartei,Tierschutzpartei Bremen,112
121678260974,Initiative Neue Soziale Marktwirtschaft (INSM),Initiative Neue Soziale Marktwirtschaft,109
561953460655717,Social Media Ads,Social Media Ads,105
332923170220,ONE Deutschland,ONE Deutschland,≤100
484950398505596,IRC Deutschland,IRC Deutschland,≤100
82734241364,Campact e.V.,Campact e.V.,≤100
2217781501611808,Fabian Vergil,Fabian Vergil,≤100
837029206665363,Tabakquartier Bremen,Tabakquartier,≤100
1509790395958123,Aktion gegen den Hunger,Aktion gegen den Hunger,≤100
248913988520756,Union Investment,Union Investment Privatfonds GmbH,≤100
106670618621988,Bremer Holzwerke GmbH,These ads ran without a disclaimer,≤100
718677004826671,Deutsche Umwelthilfe,Deutsche Umwelthilfe,≤100
1551791831792745,Recai Aytas,Recai Aytas,≤100
265184231086585,Dominique Ofcarek,Dominique Ofcarek,≤100
343364921106,Caritas international,Caritas international,≤100
200752383293733,International Justice Mission,International Justice Mission,≤100
116335026590900,Mülltrennung wirkt,die dualen Systeme,≤100
147245511963527,DGB,Deutscher Gewerkschaftsbund (DGB),≤100
1790920000965539,CDU CSU Europa,CDU/CSU-Gruppe in der EVP-Fraktion im Europäischen Parlament,≤100
107898832590939,European Commission,European Commission,≤100
112369170621210,Deutschland spricht über 5G,"Dialoginitiative ""Deutschland spricht über 5G""",≤100
133306764192,NABU Bundesverband,NABU Bundesverband,≤100
109573920927141,Ichwillfair,Initiative für nachhaltige Agrarlieferketten,≤100
169367889785454,Arbeitgeberverband Gesamtmetall,Arbeitgeberverband Gesamtmetall,≤100
265715943461097,Kettner Edelmetalle,Kettner Edelmetalle,≤100
114186703597807,VIER PFOTEN,VIER PFOTEN,≤100
123910440019,Renew Europe,Renew Europe Group,≤100
511785248971976,"Bundesministerium für Familie, Senioren, Frauen und Jugend","Bundesministerium für Familie, Senioren, Frauen und Jugend",≤100
511324618972373,e.on,e.on,≤100
2069649296666421,MERA25 Bremen,MERA25,≤100
218961468129322,Die Techniker (TK),These ads ran without a disclaimer,≤100
1508446642792459,Vattenfall,Vattenfall Deutschland,≤100
2188342231399828,HSI/Deutschland,HSI Europe,≤100
144380008933707,SPD-Fraktion im Bundestag,SPD-Bundestagsfraktion,≤100
178362315106,European Parliament,European Parliament,≤100
122529917412961,Arbeitsgemeinschaft Christlicher Arbeitnehmer-Organisationen,Arbeitsgemeinschaft Christlicher Arbeitnehmer-Organisationen,≤100
263503200272,Welthungerhilfe,Welthungerhilfe,≤100
103445325977929,Dr. Christian Kornek,Christian Michael Kornek,≤100
1947378708884004,Initiative Frosch,Initiative Frosch,≤100
171844246207985,taz,TAZ Verlags- und Vertriebs GmbH,≤100
130534873659391,Green Planet Energy,Green Planet Energy eG,≤100
1855211144766647,Migrando,Graske Rechtsanwälte,≤100
123292927706635,junge Welt,junge Welt,≤100
106896292163793,mehr-schutz.de,AstraZeneca GmbH,≤100
236044090111,VDI Verein Deutscher Ingenieure,VDI Verein Deutscher Ingenieure e.V.,≤100
1062482463795133,Liebesleben,Bundeszentrale für gesundheitliche Aufklärung (BZgA),≤100
100345702834585,All Out Deutschland,All Out,≤100
44511549119,Konrad-Adenauer-Stiftung,Konrad-Adenauer-Stiftung e.V.,≤100
112277272142815,Sparkasse,These ads ran without a disclaimer,≤100
111698888335211,Daskannkunststoff,ALPLA Werke Alwin Lehner GmbH & Co KG,≤100
144527739568157,Searchtalent,Searchtalent,≤100
104554009110554,Klimaliste,Klimaliste Deutschland,≤100
47930567748,SPD,SPD-Parteivorstand,≤100
156449679027,Renovabis,Renovabis e.V.,≤100
340469202767984,CDU Bremerhaven,CDU Bremerhaven,≤100
145944615464920,Polarstern Energie,Polarstern Energie,≤100
1573441899601646,Hismile,These ads ran without a disclaimer,≤100
245106622258525,CDU-Fraktion Land Bremen,CDU-Bürgerschaftsfraktion Bremen (Landtag),≤100
103919417972272,Unabhängige Beauftragte für Fragen des sexuellen Kindesmissbrauchs,Unabhängiger Beauftragter für Fragen des sexuellen Kindesmissbrauchs,≤100
405073162995763,Freiwilligenagentur Jugend-Soziales-Sport e.V. Wolfenbüttel/Braunschweig,Freiwilligenagentur Jugend -Sozials - Sport e.V.,≤100
147547541961576,Council of the European Union,Council of the European Union,≤100
582382331851756,Prometheus - Das Freiheitsinstitut,Prometheus - Das Freiheitsinstitut,≤100
107085727344683,Mein Schlüssel zur Welt,Bundesministerium für Bildung und Forschung,≤100
217786668379580,350.org Deutschland,350.org Deutschland,≤100
503345659690341,hsp,hsp - Die Fundraiser,≤100
1440878759561839,WeMove Europe,WeMove Europe,≤100
150793518281117,Covestro,Covestro,≤100
614408642007931,Zurich,Zürich Beteiligungs-Aktiengesellschaft (Deutschland),≤100
819882118031178,Grüne Delmenhorst,Bündnis 90/Die GRÜNEN KV Delmenhorst,≤100
1393167744264822,Bundesministerium für Digitales und Verkehr,Bundesministerium für Digitales und Verkehr,≤100
104401952226,SPD Bremerhaven,SPD Bremerhaven,≤100
111789447030484,Bundesfinanzministerium,Bundesfinanzministerium,≤100
1093989863995799,hep,hep global GmbH,≤100
141410219264688,SENEC,SENEC GmbH,≤100
116544291761495,Kindernothilfe E.V.,Kindernothilfe E.V.,≤100
160355334000102,PLANT-MY-TREE,PLANT-MY-TREE,≤100
2211978065729846,Bundesministerium für Ernährung und Landwirtschaft - BMEL,Bundesministerium für Ernährung und Landwirtschaft,≤100
456442717841951,HarperCollins Deutschland,Verlagsgruppe HarperCollins Deutschland GmbH,≤100
134278719946186,Bayer,These ads ran without a disclaimer,≤100
259770724096761,Animal Equality Germany,Animal Equality Germany e.V.,≤100
2324402101161041,VMA e.V.,VMA e.V.,≤100
344428759300247,Janina Strelow,Janina Strelow,≤100
584353355107502,Hausfrage,Hausfrage,≤100
104461229291415,Життя українських біженців у Німеччині,These ads ran without a disclaimer,≤100
1625173397728691,Hauke Schmiegel,Hauke Schmiegel,≤100
846335975484709,The Generation Forest,The Generation Forest eG,≤100
111439015547005,Masdar,These ads ran without a disclaimer,≤100
100160149099313,Justice Initiative,These ads ran without a disclaimer,≤100
13479664941,JUNGE FREIHEIT,Junge Freiheit Verlag GmbH & Co. KG,≤100
27352749603,Amnesty International Deutschland,Amnesty International Deutschland,≤100
112784955679,ZDF heute,Zweites Deutsches Fernsehen,≤100
103908516377170,SPD Ortsverein Findorff,SPD Ortsverein Findorff,≤100
451980374985742,ecoligo,ecoligo,≤100
103919417972272,Unabhängige Beauftragte für Fragen des sexuellen Kindesmissbrauchs,Unabhängige Beauftragte für Fragen des sexuellen Kindesmissbrauchs,≤100
108166048910328,Срочные Новости,These ads ran without a disclaimer,≤100
593476900673774,ifaw,ifaw,≤100
21289227249,FDP,FDP,≤100
108141357768918,PRIO1 - Das Klima-Netzwerk,Klimastiftung für Bürger,≤100
1538528933033602,Rotenburger Werke,Rotenburger Werke gGmbH,≤100
223829854355699,Frosch,Frosch,≤100
108051069259615,Werner & Mertz GmbH,Werner & Mertz GmbH,≤100
209697875758716,DIE JUNGEN UNTERNEHMER,Die Jungen Unternehmer,≤100
108268845888673,Bundesministerium für Arbeit und Soziales,Bundesministerium für Arbeit und Soziales,≤100
100468876017523,Welcoming Out,Welcoming Out gUG (haftungsbeschränkt),≤100
137111809764418,Meßmer,Meßmer,≤100
189752587732416,Hochschule Emden/Leer,These ads ran without a disclaimer,≤100
955766184451957,Das Handwerk,Deutscher Handwerkskammertag (DHKT) e. V.,≤100
399943747481893,HAWs in Deutschland,Hochschulen für Angewandte Wissenschaften in Deutschland,≤100
1200588670058774,LAND.SCHAFFT.WERTE,LAND.SCHAFFT.WERTE,≤100
156733414463449,SAUBER ENERGIE,SE SAUBER ENERGIE GmbH & Co. KG,≤100
200229763665425,Rheinhessische,Rheinhessische Energie- und Wasserversorgungs-GmbH,≤100
185390168171425,SOLARWATT Germany,These ads ran without a disclaimer,≤100
135591596484147,ABDA - Bundesvereinigung Deutscher Apothekerverbände e. V.,ABDA - Bundesvereinigung Deutscher Apothekerverbände e. V.,≤100
117738101626747,GP JOULE,GP JOULE GmbH,≤100
131470655621,Deutscher Hanfverband (DHV),Deutscher Hanfverband (DHV),≤100
109268274798247,E-Fuels-Forum,CLASSIC Tankstellen GmbH & Co. KG,≤100
104641917753059,Forschung ist die beste Medizin,Verband Forschender Arzneimittelhersteller e.V.,≤100
1110204782371616,Die Moderne Landwirtschaft,Forum Moderne Landwirtschaft e.V.,≤100
104389425384135,Arbeitgeber Land Hessen,Hessisches Ministerium des Innern und für Sport,≤100
106557304106077,Plan E,stiftung elektro-altgeräte register,≤100
27791418071,Ärzte ohne Grenzen,Ärzte ohne Grenzen,≤100
116449375528,foodwatch,foodwatch e.V.,≤100
104351635002082,Deutschland erkennt Sepsis,Deutschland erkennt Sepsis,≤100
136435459759730,Schüco,These ads ran without a disclaimer,≤100
275220336398890,TabulaRaaza Festival,These ads ran without a disclaimer,≤100
112599528411498,Zakat Deutschland e.V.,Zakat Deutschland e.V.,≤100
386510604761682,Anker,These ads ran without a disclaimer,≤100
354412263434,Rossmann,These ads ran without a disclaimer,≤100
510117665830401,Hilfetelefon Gewalt gegen Frauen,"Hilfetelefon ""Gewalt gegen Frauen""",≤100
102042018624623,Initiative Chefsache,Initiative Chefsache,≤100
101768433554,Deutsche Telekom AG,These ads ran without a disclaimer,≤100
442906105719770,TotalEnergies,These ads ran without a disclaimer,≤100
206584163580,Stiftung Mercator,Stiftung Mercator,≤100
174118102615738,Brot für die Welt,Brot für die Welt,≤100
1608463192727453,BÜNDNIS 90/DIE GRÜNEN Schleswig-Holstein,BÜNDNIS 90/DIE GRÜNEN Schleswig-Holstein,≤100
111637361014018,Bethmann Bank,These ads ran without a disclaimer,≤100
146221668771106,wbg Wissen verbindet,wbg Wissen verbindet,≤100
134483979119,Rosa-Luxemburg-Stiftung,Rosa-Luxemburg-Stiftung,≤100
1130286803835596,Niels Heide,Niels Heide,≤100
134662743239116,academics.de,academics GmbH,≤100
130288206997548,dierotationsdrucker,dierotationsdrucker.de,≤100
162372193827491,Yubico,These ads ran without a disclaimer,≤100
1570002513271112,AXA,These ads ran without a disclaimer,≤100
135239426523955,KfW Bankengruppe,KfW,≤100
675589985972309,HateAid,HateAid gGmbH,≤100
1739138546404072,iwd,IW Medien,≤100
380533325350911,CDU Lübeck,CDU Lübeck,≤100
99923813221,vorwärts,Berliner vorwärts Verlagsgesellschaft mbH vorwärts,≤100
237087969829041,"Karton, natürlich",Fachverband Kartonverpackungen für flüssige Nahrungsmittel e.V. (FKN),≤100
104862725436672,Deutscher Verband Flüssiggas,Deutscher Verband Flüssiggas e.V. (DVFG),≤100
1393128654260543,talendo,These ads ran without a disclaimer,≤100
108633728581883,Rettet Biokraftstoffe,OVID Verband,≤100
457569408150093,Weil's hilft,GESUNDHEIT AKTIV e. V. Bürger- und Patientenverband,≤100
1129434190405264,mpb.com,These ads ran without a disclaimer,≤100
1529846017308575,Arte,These ads ran without a disclaimer,≤100
1540045636302649,Arolsen Archives,Arolsen Archives,≤100
101683398140023,Salus,Salus,≤100
672769469499257,Nord.SPD,Nord.SPD,≤100
123103607735306,PRO ASYL,PRO ASYL,≤100
399241730563,Quarks,Westdeutscher Rundfunk Köln,≤100
105010608261632,CDU Kreisverband Osterholz,CDU Kreisverband Osterholz,≤100
127143338110,missio,missio,≤100
1173504606112676,Bundesministerium für Bildung und Forschung,Bundesministerium für Bildung und Forschung,≤100
100322788072812,The Closest Loop,The Closest Loop GmbH,≤100
176772398231,ARD Mediathek & Das Erste,These ads ran without a disclaimer,≤100
113318558226056,Green Balanced,Green Balanced GmbH,≤100
922013954486012,StrassenBLUES,StrassenBLUES,≤100
182704598535,Open Doors Deutschland,Open Doors Deutschland,≤100
300225473377094,indeon magazin,Medienhaus der Evangelischen Kirche in Hessen und Nassau GmbH,≤100
117534528257937,Bund für Umwelt und Naturschutz Deutschland,Bund für Umwelt und Naturschutz Deutschland,≤100
369676739882363,hijob.me,These ads ran without a disclaimer,≤100
121592027578733,Colossal page,These ads ran without a disclaimer,≤100
117370437974620,2DF,These ads ran without a disclaimer,≤100
190784743602,CDU/CSU-Bundestagsfraktion,CDU/CSU-Bundestagsfraktion,≤100
1176675472454246,CAPinside.com,CAPinside GmbH,≤100
217879838339082,Bundesministerium für Wirtschaft und Klimaschutz,These ads ran without a disclaimer,≤100
2212570568810784,JES.Group,These ads ran without a disclaimer,≤100
136576930301129,O&W Rechtsanwälte,O&W Rechtsanwälte,≤100
512403718895902,Wildtierschutz Deutschland e.V.,Wildtierschutz Deutschland e.V.,≤100
102918022164831,Your Data Mirror,Interactive Media Foundation gGmbH,≤100
304775019537638,Der Paritätische Wohlfahrtsverband - Gesamtverband,Der Paritätische Wohlfahrtsverband - Gesamtverband,≤100
53848679944,Laut gegen Nazis,Laut gegen Nazis e. V.,≤100
2135010219947091,MINTmagie,Bundesministerium für Bildung und Forschung,≤100
75159424764,Aktion Mensch,These ads ran without a disclaimer,≤100
1077260675704647,Wohnglück,Impleco GmbH,≤100
114554831934355,Tierschutzbund,Deutscher Tierschutzbund e.V.,≤100
23216224900,Plan International Deutschland,Plan International Deutschland e.V.,≤100
303855196900,Paradigma,Ritter Energie- und Umwelttechnik GmbH & Co. KG,≤100
149693388517002,Equiwent int. Pferde- & Kinderhilfe,These ads ran without a disclaimer,≤100
486679058036942,SANDER CENTER,These ads ran without a disclaimer,≤100
64694257920,ProSieben,These ads ran without a disclaimer,≤100
163017527046459,Jungheinrich,These ads ran without a disclaimer,≤100
444096578976263,Die Familienunternehmer/Die Jungen Unternehmer Bremen,Peter Bollhagen,≤100
226139210774352,MediaMarktSaturn,MediaMarktSaturn,≤100
104437509231776,News Europe,These ads ran without a disclaimer,≤100
109316361840166,Climony For Future,climony,≤100
2042769265944087,Energie Heute,Energie Heute,≤100
100817198067,shop-apotheke.com,These ads ran without a disclaimer,≤100
105220712376554,Greifswald Moor Centrum,Succow Stiftung,≤100
105196990914241,Dr. Gunnar Beck,Gunnar Günter Beck,≤100
442641152463575,EGIS,EGIS VERWALTUNGS GMBH,≤100
246252218802926,ROSSMANN babywelt,These ads ran without a disclaimer,≤100
134965399931045,Kühne Deutschland,Carl Kühne KG (GmbH & Co.),≤100
117065414989292,IKK classic,IKK classic,≤100
1410420392614664,Anker,These ads ran without a disclaimer,≤100
157935946201,co2online,co2online gemeinnützige Beratungsgesellschaft mbH,≤100
611910082337980,VerbraucherCheck.net,Caesar Richard Reinhold Ludwig  Schütz,≤100
352736338253081,Futurium,Futurium,≤100
108625789179165,Soi Dog Foundation,These ads ran without a disclaimer,≤100
2276060705944197,St.Mang,These ads ran without a disclaimer,≤100
1565754943752371,Robert Farle,Robert Farle,≤100
101124947919410,GermanZero,GermanZero e.V.,≤100
646147258733066,Deutschland steigt ein,Deutschland mobil 2030 GmbH,≤100
98673036962,ROLDA,These ads ran without a disclaimer,≤100
539968076139979,IVPU Verband,IVPU Industrieverband Polyurethan-Hartschaum e.V.,≤100
259870778893,ARAG Versicherungen,ARAG SE,≤100
198244400189055,Entega,ENTEGA Plus GmbH,≤100
101274842793956,Greenpeace grad jetzt,Greenpeace e.V.,≤100
110983431938630,Elegant mr4,These ads ran without a disclaimer,≤100
40415227476,Jusos in der SPD,Jusos in der SPD,≤100
134699913249529,SodaStream Deutschland,These ads ran without a disclaimer,≤100
115792734713232,News by Ai,These ads ran without a disclaimer,≤100
371065426207,Arbeiter-Samariter-Bund,ASB Deutschland e.V.,≤100
82055658434,CARE Deutschland e.V.,CARE Deutschland e.V.,≤100
286350444716030,UN-Dekade Wiederherstellung von Ökosystemen,UN-Dekade-Büro c/o nova-Institut GmbH,≤100
249986091716256,Deutscher Jagdverband e.V.,Deutscher Jagdverband e.V.,≤100
158059954364490,Das Prinzip Apfelbaum,Das Prinzip Apfelbaum,≤100
242343555837158,Männer,blu media network GmbH,≤100
232654150646627,Deutsche Waldtage,These ads ran without a disclaimer,≤100
1745982485667400,Guido Reil,Guido Reil,≤100
193902536304,Aufbau Verlage,Aufbau Verlag GmbH & Co.KG,≤100
110056008288031,Rechtsanwaltskanzlei Matthias Prinz - Mainz,Matthias Prinz,≤100
492762267532490,hameln.de,These ads ran without a disclaimer,≤100
1096350837108381,Lieblingsmensch,These ads ran without a disclaimer,≤100
190847357625773,CDU Rendsburg,CDU Rendsburg,≤100
368169643204974,Deutsche Bank Schüler-Karriere,Deutsche Bank Schüler-Karriere,≤100
1407547619466171,California Almonds,These ads ran without a disclaimer,≤100
102842079479187,Steadfast pets,These ads ran without a disclaimer,≤100
118074381563675,eBay Kleinanzeigen,These ads ran without a disclaimer,≤100
132505256799678,Linksfraktion Berlin,Linksfraktion Berlin,≤100
101034177178,Cleanthinking.de - Sauber in die Zukunft,Martin Ulrich Jendrischik,≤100
100496610017028,chrismon,chrismon,≤100
167699583264187,Deutsche Bahn Karriere,These ads ran without a disclaimer,≤100
110864562351922,dodenhof,These ads ran without a disclaimer,≤100
1004883576238809,GoodJobs,GoodJobs GmbH,≤100
109381070613028,THE CLIMATE CHOICE,These ads ran without a disclaimer,≤100
143521889632409,MessyWeekend,These ads ran without a disclaimer,≤100
53855227667,Porsche,These ads ran without a disclaimer,≤100
234339879909402,tecis Finanzdienstleistungen AG,These ads ran without a disclaimer,≤100
100354762415568,BitteWas - Kontern gegen Fake und Hass,Landesmedienzentrum Baden-Württemberg Standort Stuttgart,≤100
105411962299479,AEF,AUDI AG,≤100
405134214936,Bethel - Für Menschen da sein,Bethel - Für Menschen da sein,≤100
538981346500133,Rotho,These ads ran without a disclaimer,≤100
107407945980041,Deutsches Kinderhilfswerk e.V.,Deutsches Kinderhilfswerk e.V.,≤100
100274849681675,Exquisite rm4,These ads ran without a disclaimer,≤100
134278719946186,Bayer,Bayer AG,≤100
192381083777,Hyundai Worldwide,These ads ran without a disclaimer,≤100
220215281378467,Schlagmann Poroton GmbH & Co. KG,Schlagmann Poroton GmbH & Co. KG,≤100
260106687889118,Kopp Verlag,Kopp Verlag,≤100
151974798719373,AfD-Fraktion im Deutschen Bundestag,AfD-Fraktion im Deutschen Bundestag,≤100
1967019790197412,Markus Wagner,"Markus Wagner, MdL",≤100
137521576294353,Deutsche Kinderhilfe - Die ständige Kindervertretung e.V.,Deutsche Kinderhilfe - Die ständige Kindervertretung e.V.,≤100
427081657332874,ME2BE,ME2BE,≤100
105277207993488,DB Cargo,These ads ran without a disclaimer,≤100
1237818033002038,"Rüdiger Lucassen, MdB",Hans Rüdiger Lucassen,≤100
315034115284003,Democrats Abroad - Hamburg & Northern Germany Chapter,Democrats Abroad Germany - Hamburg Chapter,≤100
103546822415649,SPD Lübeck St. Jürgen,SPD St. Jürgen,≤100
107277164730290,Face SMA,These ads ran without a disclaimer,≤100
108117640902824,Tag X,Drudel 11 e.V.,≤100
103453699750,ROBIN WOOD e.V.,ROBIN WOOD e.V.,≤100
100526086176429,Schnepf Planungsgruppe,These ads ran without a disclaimer,≤100
38955146917,OceanCare,These ads ran without a disclaimer,≤100
92534109649,Zeitschrift Luxemburg,Rosa-Luxemburg-Stiftung,≤100
1695216187437098,Albrecht Glaser,Albrecht Glaser,≤100
103693475992179,Charming gmv8,These ads ran without a disclaimer,≤100
113018998452167,Profuse wa,These ads ran without a disclaimer,≤100
115163805195741,SPD Kiel,SPD Kiel,≤100
344190642723095,Schwertfeger & Kollegen GmbH,Schwertfeger & Kollegen GmbH,≤100
121115380890652,WI Energy GmbH,These ads ran without a disclaimer,≤100
105231872947887,GU - Willkommen im Leben,Gräfe und Unzer Verlag GmbH,≤100
771462172882741,OnePath Network,These ads ran without a disclaimer,≤100
112025788272729,Bauheimat,Bauheimat,≤100
359669268020620,Moin Liebe - Tschüss Hass,Laut gegen Nazis e.V.,≤100
126853010738506,Junge Liberale JuLis Bremen,Junge Liberale Bremen e.V.,≤100
2158012137543502,AfD-Fraktion im Bayerischen Landtag,AfD-Fraktion im Bayerischen Landtag,≤100
155561591708737,Digital Hub Initiative,These ads ran without a disclaimer,≤100
102492129806270,Waschbär Umweltversand,Waschbär GmbH,≤100
344556287396,Penguin Bücher,These ads ran without a disclaimer,≤100
446149792216189,DIE VERSiCHERER,These ads ran without a disclaimer,≤100
194436357268781,Deutsche Atlantische Gesellschaft,Deutsche Atlantische Gesellschaft e.V.,≤100
107977091341209,German Solidarity with Myanmar Democracy e.V.,German Solidarity with Myanmar Democracy e.V.,≤100
415367309037687,Klaus Esser,Klaus Esser,≤100
116064499060160,Dirk Brandes - Für Niedersachsen im Bundestag,Dirk Brandes,≤100
28312410177,World Food Programme,These ads ran without a disclaimer,≤100
104683266866,Friedrich-Ebert-Stiftung,Friedrich-Ebert-Stiftung,≤100
572530603230497,AfD-Fraktion im Hessischen Landtag,AfD-Fraktion im Hessischen Landtag,≤100
1919185338293853,AfD-Fraktion NRW,AfD-Fraktion NRW,≤100
102722502036493,Basis-Verlag,basis-verlag,≤100
106029265688122,zunny.life,These ads ran without a disclaimer,≤100
1801672130156352,Auslandsinformationen / International Reports,Konrad-Adenauer-Stiftung,≤100
106385002183348,Bristol Myers Squibb Germany,These ads ran without a disclaimer,≤100
108482465558751,Tierschutzpartei Niedersachsen,Robert Rouven Christian Wulff,≤100
185420864938924,Interzero,These ads ran without a disclaimer,≤100
191164085731,Adveniat,Adveniat,≤100
103204458635909,Ralf Schönborn,Ralf Schönborn (MdL) Alternative für Deutschland (AfD),≤100
379933908865015,Miele,These ads ran without a disclaimer,≤100
514480748740424,FES KommunalAkademie,"Friedrich-Ebert-Stiftung, KommunalAkademie",≤100
567366010021216,Bundesministerium der Justiz,Bundesministerium der Justiz,≤100
133306764192,NABU Bundesverband,These ads ran without a disclaimer,≤100
115311641867931,Wir haben es satt,Wir haben es satt!,≤100
2264160857188955,Kachelofenwelt,GVOB – GesamtVerband OfenBau e.V.,≤100
200862356620805,GegenStandpunkt,Gegenstandpunkt Verlagsgesellschaft mbH,≤100
201710366528032,Umweltinstitut München e.V.,Umweltinstitut München e.V.,≤100
382081373056,BMW Group,These ads ran without a disclaimer,≤100
181535349099426,"Jörn König, MdB",Jörn König,≤100
322096293815,zrce.eu,Zrce.eu,≤100
100572773318575,Ärzte der Welt,Ärzte der Welt e.V.,≤100
905423736276067,Xella Deutschland,These ads ran without a disclaimer,≤100
102601651144634,PELY - Praktisch im Alltag. Freundlich zur Umwelt.,pely-plastic GmbH & Co. KG,≤100
100499515776247,ostwest_tv,These ads ran without a disclaimer,≤100
111117644931231,Pummys.com,These ads ran without a disclaimer,≤100
306681329368976,BVK - Bundesverband Deutscher Versicherungskaufleute e.V.,Bundesverband Deutscher Versicherungskaufleute e.V. (BVK),≤100
382618135271450,Dreluso Pharmazeutika,DRELUSO Pharmazeutika,≤100
109906868705323,Comely gr1,These ads ran without a disclaimer,≤100
783276828414604,Palfinger,These ads ran without a disclaimer,≤100
160692724037089,DTJ Online,Deutsch Türkischer Journalismus und Recherche e.V.,≤100
705394482959403,Handbook Germany,Neue deutsche Medienmacher e.V. with ad credits,≤100
32925303328,Heinrich-Böll-Stiftung,Heinrich-Böll-Stiftung,≤100
1522341597824314,Eigenheimerverband Bayern e.V.,Eigenheimerverband Bayern e.V.,≤100
310873338976049,Bündnis 90/Die Grünen Nordfriesland,BÜNDNIS 90/DIE GRÜNEN Nordfriesland,≤100
146494098735583,buss wohnen,These ads ran without a disclaimer,≤100
128007397258208,Internationaler Bund,Internationaler Bund (IB),≤100
1575481162507324,SWG - Schwentinentaler Wählergemeinschaft,SWG - Schwentinentaler Wählergemeinschaft,≤100
112743275430520,International Campaign for Tibet Deutschland e.V.,International Campaign for Tibet Deutschland e.V.,≤100
101326131878243,GP Prüfservice,Marcus Pauli,≤100
548250278627948,Caspar Schmitz-Morkramer,These ads ran without a disclaimer,≤100
89151782746,Fauna & Flora International,These ads ran without a disclaimer,≤100
115306454863649,Provision Fund,These ads ran without a disclaimer,≤100
111668221306759,Climate Campaigners,Climate Campaigners,≤100
101923214737289,EWE Go,These ads ran without a disclaimer,≤100
602735560188299,Tim Pargent,Tim Pargent,≤100
27791418071,Ärzte ohne Grenzen,These ads ran without a disclaimer,≤100
136684793051581,Ritter Sport,These ads ran without a disclaimer,≤100
104962199534779,naturstrom AG,NATURSTROM AG,≤100
121097790490,Albert Schweitzer Stiftung für unsere Mitwelt,Albert Schweitzer Stiftung für unsere Mitwelt,≤100
417517061951550,Einfach da für dich,ABDA - Bundesvereinigung Deutscher Apothekerverbände e. V.,≤100
457569408150093,Weil's hilft,These ads ran without a disclaimer,≤100
140889782312,Friedrich-Naumann-Stiftung für die Freiheit,Friedrich-Naumann-Stiftung für die Freiheit,≤100
136218413073164,PowerShift e.V.,PowerShift,≤100
1598904370155523,Steinbeis Papier,These ads ran without a disclaimer,≤100
135121703179536,Lexware,These ads ran without a disclaimer,≤100
105785675757412,Happy,These ads ran without a disclaimer,≤100
252217071494195,Inklusives Arbeitsleben,LWL-Inklusionsamt Arbeit,≤100
185927128110913,SMA Solar Technology,These ads ran without a disclaimer,≤100
104088804862857,SPD Oder-Spree,SPD-Unterbezirk Oder-Spree,≤100
200862356620805,GegenStandpunkt,GegenStandpunkt Verlagsgesellschaft mbH,≤100
100151746059540,munich_guy_,These ads ran without a disclaimer,≤100
107389761091734,WooDu,WooDu GmbH,≤100
1096099377140176,karlsruhe.digital,Initiative karlsruhe.digital,≤100
104126862567429,daniel_reissmann,These ads ran without a disclaimer,≤100
110288477351423,Blut Hilft Forschen,in.vent DIAGNOSTICA GMBH,≤100
111079681163163,Volker Heinecke - FREIE WÄHLER,Volker Heinecke,≤100
268417376603438,Dialog macht Schule,Dialog macht Schule gGmbH,≤100
108628108449040,Connection e.V.,Connection e.V.,≤100
104142195614715,My Way. My Choice.,Bundesverband der Tabakwirtschaft und neuartiger Erzeugnisse,≤100
805070726245918,Kreis Siegen-Wittgenstein,Kreisverwaltung Siegen-Wittgenstein,≤100
1889496344625839,"Jürgen Braun, MdB",Jürgen Braun MdB,≤100
111088040478068,Rolf Epple Stiftung,Rolf Hendrik Epple,≤100
130374060326405,Diakonie RWL,Diakonisches Werk Rheinland-Westfalen-Lippe e.V.,≤100
125667397492554,EnBW,These ads ran without a disclaimer,≤100
1578640155687393,Sea-Watch,Sea-Watch,≤100
104825804494464,Lauf-weiter.de,These ads ran without a disclaimer,≤100
183448258342806,Angelika Niebler,EVP-Fraktion im Europäischen Parlament,≤100
108546805499724,Hanau Solar A. Bühner GmbH,These ads ran without a disclaimer,≤100
181622395207310,HANNOVER MESSE,These ads ran without a disclaimer,≤100
1420588518181094,Volksverpetzer,Volksverpetzer,≤100
108245655955953,Rieder facades,These ads ran without a disclaimer,≤100
1124641927546813,Hoffnungsträger,Hoffnungsträger,≤100
213646985410775,DIE LINKE. Düsseldorf,DIE LINKE. Fraktion im Rat der Landeshauptstadt Düsseldorf,≤100
162844190426449,JesuitenWeltweit Deutschland,These ads ran without a disclaimer,≤100
110366741723005,HeyJobs -Deutschland,These ads ran without a disclaimer,≤100
1783417735277557,Martin Reichardt,Martin Reichardt,≤100
108917484663093,finanztest,These ads ran without a disclaimer,≤100
105976899159455,Hurt kettle,These ads ran without a disclaimer,≤100
159223080754400,Stiftung Menschen für Menschen - Karlheinz Böhms Äthiopienhilfe,Stiftung Menschen für Menschen - Karlheinz Böhms Äthiopienhilfe,≤100
115929401418256,Cute di1,These ads ran without a disclaimer,≤100
205332123261241,Знакомства RusDate,These ads ran without a disclaimer,≤100
110469405318969,Glorious qd5,These ads ran without a disclaimer,≤100
109348282153917,Horst Lauke,These ads ran without a disclaimer,≤100
100189249452294,Floury Fog,These ads ran without a disclaimer,≤100
104340949320014,Nachrichten,These ads ran without a disclaimer,≤100
146207322120244,Samsung Semiconductor,These ads ran without a disclaimer,≤100
105707282455012,Glorious sv5,These ads ran without a disclaimer,≤100
112436188454452,Beauteous yn2,These ads ran without a disclaimer,≤100
461151350701941,Nickson Michael,These ads ran without a disclaimer,≤100
104927555871972,Björn Rüter Kommunalpolitiker,Björn Rüter,≤100
101442025614806,Chancellor,These ads ran without a disclaimer,≤100
110318858712956,Новости Европы,These ads ran without a disclaimer,≤100
104142195614715,My Way. My Choice.,These ads ran without a disclaimer,≤100
393186510822990,e.on,These ads ran without a disclaimer,≤100
1507154152921895,Grün in die Stadt,Grün in die Stadt,≤100
645895238769799,AfD Kreis Pinneberg,AfD KV Pinneberg,≤100
915602075310171,Newsroom Kunststoffverpackungen,These ads ran without a disclaimer,≤100
100454578956932,Deutsches Musikinformationszentrum,Deutscher Musikrat gGmbH,≤100
137840279656330,Primark,These ads ran without a disclaimer,≤100
132487070765352,Stiftung Familienunternehmen,Stiftung Familienunternehmen,≤100
106905404563565,Schuler&Bußhart Consulting GmbH,These ads ran without a disclaimer,≤100
286760474731975,CDU Neumünster,CDU Kreisverband Neumünster,≤100
101990985977164,karakayatalks,These ads ran without a disclaimer,≤100
116647184700416,BGN Bürgergemeinschaft Neustadt Pelzerhaken Rettin,BGN - Bürgergemeinschaft Neustadt in Holstein e.V.,≤100
107579678081815,Wohnungsbau Initiative Köln,These ads ran without a disclaimer,≤100
135984139804495,SoVD - Sozialverband Deutschland e.V.,SoVD - Sozialverband Deutschland e.V.,≤100
229219298507,R+V Versicherung,These ads ran without a disclaimer,≤100
106339454997647,OurFood.OurFuture,Romero Initiative (CIR),≤100
104198855205755,reiskontor.de,These ads ran without a disclaimer,≤100
1994601347519956,Hobenköök Restaurant & Markthalle,These ads ran without a disclaimer,≤100
260335584433785,Mehmet Yildiz,Mehmet Yildiz,≤100
680341992382788,Raimond Scheirich,Raimond Christian Scheirich,≤100
1475126939245924,Arthouse CNMA,These ads ran without a disclaimer,≤100
2273404059547940,Akhpal torghar,These ads ran without a disclaimer,≤100
161990010584761,Stiftung Demokratie Saarland,Stiftung Demokratie Saarland,≤100
255664611217455,Unrast Verlag,These ads ran without a disclaimer,≤100
100363378760233,via bonum,via bonum AG,≤100
157935946201,co2online,These ads ran without a disclaimer,≤100
102803038171875,DieBasis Bayern,dieBasis Landesverband Bayern,≤100
307658132675032,Deutsche Akademie für Kinder- und Jugendliteratur,Dt. Akademie für Kinder- und Jugendliteratur e. V.,≤100
40874340559,Mehr Demokratie e.V.,Mehr Demokratie e.V.,≤100
155821404588906,SPD Bargteheide,SPD Bargteheide,≤100
102392679384422,Heimat Neumünster,Heimat Neumünster,≤100
193902536304,Aufbau Verlage,These ads ran without a disclaimer,≤100
100572773318575,Ärzte der Welt,Ärzte der Welt,≤100
2409371185963750,MBA and Beyond Admission Consulting,These ads ran without a disclaimer,≤100
150585324987471,CDU Kiel,CDU Kiel,≤100
105196990914241,Dr. Gunnar Beck,Dr. Gunnar Beck,≤100
101736902308177,Umtanken.info,CropEnergies AG,≤100
427867583942519,Freunde für Deutschland FfD,Freunde für Deutschland FfD,≤100
168504623205787,Stadtportal Wernigerode,Stadt Wernigerode,≤100
114069011290980,Steffen Haltermann,Steffen Haltermann,≤100
47694585682,DIE LINKE,DIE LINKE,≤100
1540045636302649,Arolsen Archives,These ads ran without a disclaimer,≤100
295607594795,Ärzte gegen Tierversuche e.V.,Ärzte gegen Tierversuche e.V.,≤100
282867358754313,Grüne Norderstedt,BÜNDNIS 90 / DIE GRÜNEN OV Norderstedt,≤100
109578735399830,Bastian Köhler,These ads ran without a disclaimer,≤100
201417363210028,Deutsches Hygiene-Museum,Stiftung Deutsches Hygiene-Museum,≤100
101176682686881,Caldwell Hutchinson,These ads ran without a disclaimer,≤100
90523314133,"Sozialistische Gleichheitspartei, IV Internationale - SGP","Sozialistische Gleichheitspartei, Vierte Internationale",≤100
134662743239116,academics.de,These ads ran without a disclaimer,≤100
108878475476392,Mission Female,Mission Female GmbH,≤100
185652704861747,Bosch Global,These ads ran without a disclaimer,≤100
83504998193,Caritas Deutschland,Caritas Deutschland,≤100
491603277588348,VTA Group,These ads ran without a disclaimer,≤100
106992109352979,VSE-Gruppe,VSE AG,≤100
161559836710,Esther Perel,These ads ran without a disclaimer,≤100
218856534820827,TETZNER & JENTZSCH GmbH,These ads ran without a disclaimer,≤100
545040792244231,"Dr. Fabian Mehring, MdL","Dr. Fabian Mehring, Mitglied des bayerischen Landtags",≤100
105162552162335,Jochen Münch,CSU-Kreisverband Roth,≤100
156844567712714,FDP im Stadtrat Neu-Ulm,Alfred Robert Schömig,≤100
611910082337980,VerbraucherCheck.net,VerbraucherCheck.net,≤100
1776625379254047,SSW Flensburg,SSW Kreisverband Flensburg,≤100
112005127912585,"Michael Tryzna Partei -MTP ""Verband Stadt und Landkreis Kassel""",Michael Tryzna,≤100
678815422181853,Kerstin Celina,Kerstin Susanne Celina,≤100
184292581602575,NORD/LB - Norddeutsche Landesbank Girozentrale,These ads ran without a disclaimer,≤100
177267932316417,Rosa Luxemburg Stiftung Hamburg,Rosa Luxemburg Stiftung Hamburg,≤100
1457140951215486,Frauennotruf gegen sexuelle Gewalt an Frauen & Mädchen e.V.  Heidelberg,These ads ran without a disclaimer,≤100
395872560426014,FDP Nordfriesland,FDP Kreisverband Nordfriesland,≤100
245164396364113,Meinungsvermittler,Jan-Steffen John,≤100
845293775587671,Statista France,These ads ran without a disclaimer,≤100
549058781782871,DIE LINKE. Kreisverband Kiel,DIE LINKE. Kiel,≤100
348040745134,e-Bikes by e-motion Technologies,These ads ran without a disclaimer,≤100
113032268429012,Tsl-Projekt,These ads ran without a disclaimer,≤100
108766202103136,HARMlose Fragen,Harm Rykena,≤100
108173115163097,Upwoman,These ads ran without a disclaimer,≤100
107579678081815,Wohnungsbau Initiative Köln,Wohnungsbau Initiative Köln,≤100
533449653783649,Impfopoint,Impfopoint – einer Initiative des Landesapothekerverband Baden-Württemberg e.V,≤100
104713545735871,Kamar,These ads ran without a disclaimer,≤100
450345241685505,Welttierschutzgesellschaft - WTG e.V.,Welttierschutzgesellschaft - WTG e.V.,≤100
157315174298307,DAK-Gesundheit,These ads ran without a disclaimer,≤100
141410219264688,SENEC,These ads ran without a disclaimer,≤100
226139210774352,MediaMarktSaturn,These ads ran without a disclaimer,≤100
353884068847,emotion magazin,EMOTION Verlag GmbH,≤100
193167010699647,transport logistic,These ads ran without a disclaimer,≤100
860326440798596,Energas BHKW GmbH,Energas GmbH,≤100
15558497198,Squeaker,These ads ran without a disclaimer,≤100
493114614050311,FDP Lübeck,FDP Lübeck,≤100
100588701477647,Wir packen's an,Wir packen's an,≤100
1942484189100680,Rieke Husmann,These ads ran without a disclaimer,≤100
105018555000761,Soziale Republik,Verein für konstruktiven Sozialismus e.V.,≤100
101683398140023,Salus,These ads ran without a disclaimer,≤100
101998635967292,Martin Kindl - Ihr Bürgermeisterkandidat,Martin Kindl - Ihr Bürgermeisterkandidat,≤100
120746218068081,Comundo,These ads ran without a disclaimer,≤100
109882924915477,Felix Zietmann,Felix Zietmann,≤100
274000059331698,DEMO - Die Fachzeitschrift für Kommunalpolitik,DEMO - Die Fachzeitschrift für Kommunalpolitik,≤100
131315793553774,Erfurt Tapeten,These ads ran without a disclaimer,≤100
586748738119030,Kommunal,Zimper Media GmbH,≤100
269110653738335,Lizenzero,These ads ran without a disclaimer,≤100
284048854949550,CDU Heide,CDU Heide,≤100
103344742624341,Skarb narodowy,These ads ran without a disclaimer,≤100
143848045663058,Kassel Kongress Palais,These ads ran without a disclaimer,≤100
1581682638512304,Pulse of Europe,Pulse of Europe,≤100
706758859393635,AfD Fraktion Sachsen,AfD Fraktion Sachsen,≤100
231988623523365,The North Face,These ads ran without a disclaimer,≤100
108431103901464,Zentralverband des Deutschen Dachdeckerhandwerks e. V.,"Zentralverband des Deutschen Dachdeckerhandwerks Fachverband Dach-, Wand- und Abdichtungstechn. e.V.",≤100
78309442751,Bayernpartei,Bayernpartei,≤100
265663497194481,Denk Mal Am Ort,These ads ran without a disclaimer,≤100
51091986850,Diether Dehm,Diether Dehm,≤100
107786941357080,KÜBLER GmbH Energiesparende Hallenheizungen,KÜBLER GmbH,≤100
129338114094996,Madame Moneypenny,These ads ran without a disclaimer,≤100
100166866328132,Rene Dierkes,AfD Kreisverband München Ost,≤100
130124167823452,Cosmea - Unbeschwerte Tage für Körper & Umwelt,COSMEA® Marke der W. Pelz GmbH & Co. KG,≤100
136266656430479,Volkswagen R,These ads ran without a disclaimer,≤100
112063402178892,Suhrkamp Verlag,Suhrkamp Verlag,≤100
104786012176499,derblauevogelberlin,These ads ran without a disclaimer,≤100
104840074825135,Frank Rinck,Frank Rinck,≤100
235406423143333,Handiclapped - Kultur Barrierefrei e.V.,Handiclapped - Kultur Barrierefrei e.V.,≤100
103343858375708,Martin Schmidt - AfD MdL,Martin Schmidt,≤100
212066738856829,Christian Ude,Christian Ude,≤100
223078917757220,GEW Saarland,GEW,≤100
305608429284,EU Environment,These ads ran without a disclaimer,≤100
213350178783127,Grüne Düren,BÜNDNIS 90/DIE GRÜNEN Kreisverband Düren,≤100
108504178277724,Letzte Generation,Aufstand der Letzten Generation,≤100
363842953730453,AfD Sachsen-Anhalt,AfD Sachsen-Anhalt,≤100
114305191932520,Pro Wildlife e.V.,These ads ran without a disclaimer,≤100
1285623548123430,Dr. Hugh Bronson,Hugh Bronson,≤100
789305807799417,TASPO,Haymarket Media GmbH,≤100
204191076644782,"Thüringer Ministerium für Bildung, Jugend und Sport","Thüringer Ministerium für Bildung, Jugend und Sport",≤100
1326183970737367,OMV,These ads ran without a disclaimer,≤100
359752638983,beton_org,These ads ran without a disclaimer,≤100
1542070082788916,Ekkehard Wysocki - Rahlstedter Bürgerschaftsabgeordneter,Ekkehard Wysocki,≤100
103642866058013,InteraBro,These ads ran without a disclaimer,≤100
288916084453444,Natürlich(es) Mineralwasser,These ads ran without a disclaimer,≤100
111486313936267,Prof. Dr. Rüdiger Sterzenbach,Prof. Dr. Rüdiger Sterzenbach,≤100
110648367950537,Gemma,These ads ran without a disclaimer,≤100
135816069903817,Dirk Kreuter,These ads ran without a disclaimer,≤100
50169278122,SPD Sachsen,SPD Sachsen,≤100
197545837287691,Sonepar InnovationLab,These ads ran without a disclaimer,≤100
102488152777056,Gegen das Verbrennerverbot in Europa,Mobil in Deutschland e.V.,≤100
104018092306802,Businpeop23,These ads ran without a disclaimer,≤100
497732847700651,Harz Energie,Harz Energie GmbH & Co. KG,≤100
1432766956987952,iF International Forum Design,These ads ran without a disclaimer,≤100
164513593594332,Deutsche Aidshilfe,Deutsche Aidshilfe,≤100
101460842681784,TRT Afrika,These ads ran without a disclaimer,≤100
102714371896338,Kalk im Saarland,Kalk im Saarland,≤100
126018348796319,DanielSchneider,DanielSchneider,≤100
125959724428,Kampf der Künste,These ads ran without a disclaimer,≤100
948945635150056,AfD-Fraktion Hamburg,AfD-Fraktion Hamburg,≤100
107153812268124,Susanne Seehofer,These ads ran without a disclaimer,≤100
117443068305863,INSS - The Institute for National Security Studies,These ads ran without a disclaimer,≤100
123918397649280,Language and Skills,These ads ran without a disclaimer,≤100
100527912043392,EWIA Green Investments GmbH,These ads ran without a disclaimer,≤100
242641809484926,Joana Cotar,Joana Cotar,≤100
228261337188662,Lavazza,These ads ran without a disclaimer,≤100
104321862029113,Architekturbüro Mener GmbH,These ads ran without a disclaimer,≤100
105231872947887,GU - Willkommen im Leben,These ads ran without a disclaimer,≤100
147547541961576,Council of the European Union,These ads ran without a disclaimer,≤100
111131790805220,SVOLT Europe,SVOLT Energy Technology (Europe) GmbH,≤100
1474231222791644,Grüne Ahrensburg,Bündnis 90/Die Grünen Ahrensburg,≤100
1492601647681902,AfD Westerwald,AfD Westerwald,≤100
231575074011232,Landesbank Baden-Württemberg,These ads ran without a disclaimer,≤100
111881855561381,missio München,These ads ran without a disclaimer,≤100
1539802029680191,Dirk Nockemann AfD,Dirk Nockemann AfD,≤100
803004443125218,Hendrik Hänig,SPD Bad Belzig,≤100
140702982659620,Grüne Jugend Hessen (GJH),GRÜNE JUGEND Hessen,≤100
110328191845942,DieParusie.de,DieParusie.de,≤100
108561735535463,Ekaterina Gutner,Ekaterina Gutner,≤100
121747007858193,muenkel.eu,These ads ran without a disclaimer,≤100
547181918984078,Helios Gesundheit,These ads ran without a disclaimer,≤100
2665513323462858,Hendrik Hamel,These ads ran without a disclaimer,≤100
103623974629050,FDP im Schloss,FDP-Fraktion in der Regionalversammlung,≤100
211341118939968,dzw - Die ZahnarztWoche,dzw - Die ZahnarztWoche,≤100
801630029947609,Jan Nolte,Jan Nolte,≤100
344156702608625,Mathias Stein,"Mathias Stein, MdB",≤100
102251318064432,Organon,These ads ran without a disclaimer,≤100
210608365644102,SPD Neuss,SPD Neuss,≤100
100374392742057,Weregreenly- Magazine,These ads ran without a disclaimer,≤100
104819209268652,Meta Universe,These ads ran without a disclaimer,≤100
342884401877,Thalia Buchhandlung - Thalia.de,These ads ran without a disclaimer,≤100
105237008197753,Matthias Moosdorf MdB,Matthias Moosdorf,≤100
185789627834,COMPUTER BILD,These ads ran without a disclaimer,≤100
677376205783261,AfD Fraktion Stadt und Kreis Gifhorn,AfD Fraktion Gifhorn,≤100
1599009366882329,Pomìto,These ads ran without a disclaimer,≤100
848908368459075,André Wendt,André Wendt,≤100
190633894286732,Diakonie Katastrophenhilfe,Diakonie Katastrophenhilfe,≤100
104162442330398,KB Holzhandel und Gerätemietpark,These ads ran without a disclaimer,≤100
998694236945923,Wiemer / Arndt,These ads ran without a disclaimer,≤100
805945416454845,veikko_bartel,These ads ran without a disclaimer,≤100
1812249139094166,Ronny Kumpf,Ronny Kumpf,≤100
195350913920671,Universität Hamburg,These ads ran without a disclaimer,≤100
313744767921,der Freitag,These ads ran without a disclaimer,≤100
123629318234960,RESQSHIP,RESQSHIP,≤100
108950911790667,SBT Energie GmbH,These ads ran without a disclaimer,≤100
450712981662234,Markus Ferber,Markus Ferber,≤100
119279211141268,Wir in Flensburg WiF - Ratsfraktion.,These ads ran without a disclaimer,≤100
581244975375929,AWO Region Hannover e.V.,AWO Region Hannover e.V.,≤100
107926133952964,bundesverband_flachglas,These ads ran without a disclaimer,≤100
602487899802568,Özlem Alev Demirel,Özlem Alev Demirel,≤100
103558749124919,asiazensus,These ads ran without a disclaimer,≤100
156996021903053,WEtell,These ads ran without a disclaimer,≤100
283266582089,action medeor e.V.,action medeor e.V.,≤100
101179166088528,ABP - Allgemeine Bürgerliche Partei,Allgemeine Bürgerliche Partei,≤100
822829164435431,Die Politische Meinung,Konrad-Adenauer-Stiftung e.V.,≤100
270761293643597,FDP-Landesgruppe Bayern,Karsten Klein,≤100
686898358115571,Malermeister Sebastian Göcke,These ads ran without a disclaimer,≤100
110824565323685,Алексей Разумников,These ads ran without a disclaimer,≤100
250485248333218,Clean Air Task Force,These ads ran without a disclaimer,≤100
102372211623711,AfD Stadtratsfraktion Augsburg,AfD-Fraktion im Augsburger Stadtrat,≤100
107591345098788,Digitales Bürgernetz,These ads ran without a disclaimer,≤100
222005461272345,AfD Hessen,AfD Hessen,≤100
165629350137468,Schaebens,Schaebens,≤100
1060248910727859,"Thomas Seitz, MdB","Thomas Seitz, MdB",≤100
108561735535463,Ekaterina Gutner,AfD Stadtratsfraktion Nuernberg,≤100
165381593630826,SPD Schleswig-Holstein,SPD Schleswig-Holstein,≤100
212653675458306,Garten-Center Kremer GmbH,These ads ran without a disclaimer,≤100
2569346123080290,Biznis Centar,These ads ran without a disclaimer,≤100
118122011194925,Demokratische Vereinigung Deutschland - DVD-Partei,Ole Werner Krüger,≤100
201300766652623,WAGO,These ads ran without a disclaimer,≤100
337490039624409,Leibniz-Gemeinschaft,Leibniz-Gemeinschaft,≤100
272166742891417,Energizer Deutschland,These ads ran without a disclaimer,≤100
100668725394937,Hamburger Klimaschutzstiftung,Hamburger Klimaschutzstiftung,≤100
128342573493595,Good-News,These ads ran without a disclaimer,≤100
100140312658371,lasse.zapf,These ads ran without a disclaimer,≤100
106669005643612,turandegi,These ads ran without a disclaimer,≤100
102767259461496,EU News,These ads ran without a disclaimer,≤100
100239716314688,PORR Group,These ads ran without a disclaimer,≤100
365566760558158,"Dr. Christian Wirth, MdB","Dr. Christian Wirth, MdB",≤100
109613811893240,Aiby • AI Art & Avatar Generator,These ads ran without a disclaimer,≤100
125092154339294,Laerdal Medical Deutschland,These ads ran without a disclaimer,≤100
112947495038485,Global Assembly,These ads ran without a disclaimer,≤100
197197970454703,ACV Automobil-Club Verkehr,ACV Automobil-Club Verkehr e.V.,≤100
130659466990656,Siegener Versorgungsbetriebe GmbH,These ads ran without a disclaimer,≤100
111200457909267,Kira Braun,Kira Gabriele Braun,≤100
523752950988596,Paralympics Zeitung,These ads ran without a disclaimer,≤100
1640405366177474,SPD Neumünster OV Süd,SPD Neumünster OV Süd,≤100
185890618101849,Romero Initiative - CIR,Christliche Initiative Romero,≤100
104829715908717,nentwich.s.natuerlichleben,These ads ran without a disclaimer,≤100
112588242095660,XTZ Sweden,These ads ran without a disclaimer,≤100
100293946395534,Ragged Cumbersome,These ads ran without a disclaimer,≤100
156974001514471,Liberated T ت متحررة,These ads ran without a disclaimer,≤100
103738302698049,volkswagengroupretail_de,These ads ran without a disclaimer,≤100
104971697913672,Recht 24/7,These ads ran without a disclaimer,≤100
105537757585128,Freie Demokraten im Thüringer Landtag,Freie Demokraten im Thüringer Landtag,≤100
107140025016889,ELMAR GEHRKE,ELMAR GEHRKE,≤100
834646759939908,Hauraton,These ads ran without a disclaimer,≤100
121191740953524,Новости Европы,These ads ran without a disclaimer,≤100
130456876990360,European Youth,These ads ran without a disclaimer,≤100
132304296806431,Haus Neuland,These ads ran without a disclaimer,≤100
206027936242899,Altonaer Museum,Stiftung Historische Museen Hamburg,≤100
120519477967734,Inspired by Iceland,These ads ran without a disclaimer,≤100
120010967660507,Der Pflegepapst Podcast,These ads ran without a disclaimer,≤100
1206348496067700,NAEB e.V. Stromverbraucherschutz,Heinrich Konrad Düpmann,≤100
100173382819685,Report-W.de,Report-w.de,≤100
274393199630147,Matthias Nölke,Matthias Nölke,≤100
106455438982920,Back Legal,These ads ran without a disclaimer,≤100
387159815099264,CDU Bad Oldesloe,CDU Bad Oldesloe,≤100
585678844775646,AfD Hamburg,Landesverband AfD Hamburg,≤100
53459190941,Jusos Treptow-Köpenick,Jusos Treptow-Köpenick,≤100
311795188935069,CDU-Glückstadt,CDU Kreisverband Steinburg,≤100
140142632720022,FDP Kiel,FDP Kiel,≤100
100531282801700,dionysosberlin,These ads ran without a disclaimer,≤100
111577075092362,impact.one.initiative,These ads ran without a disclaimer,≤100
101804022362043,Stadt Aurich,These ads ran without a disclaimer,≤100
630172117364339,POST von GEHRKE,Elmar Gehrke,≤100
719563081428560,Özka Lastik,These ads ran without a disclaimer,≤100
143945907173,blu,blu media network GmbH,≤100
1135730413199942,Mary Rose,These ads ran without a disclaimer,≤100
103122712712786,wolf_oekohaeuser,These ads ran without a disclaimer,≤100
124781757591569,Linde plc,These ads ran without a disclaimer,≤100
124133964331865,Bayerische Rundschau,These ads ran without a disclaimer,≤100
1243303155800771,Koma Agire roj,These ads ran without a disclaimer,≤100
1690349114360627,Ernst Klett Verlag,These ads ran without a disclaimer,≤100
102325072511441,kommunistische_org,These ads ran without a disclaimer,≤100
442474682778346,Gerd Mannes,"Gerd Mannes, MdL",≤100
108485082238013,NAEB Scope auf Wärmewende - GEG24,NAEB e.V. Stromverbraucherschutz,≤100
100211985747396,Klimaform,These ads ran without a disclaimer,≤100
275440721974,ting,ting Beratungs-GmbH,≤100
244666399247495,FDP-Ratsfraktion Düsseldorf,FDP-Fraktion im Rat der Stadt Düsseldorf,≤100
2123640181285353,Filmwelt Verleihagentur,Filmwelt Verleihagentur,≤100
515284261904861,GSG OLDENBURG,These ads ran without a disclaimer,≤100
105982204502477,Julia Post - Münchner Stadträtin,Julia Post,≤100
104269537950652,Signal Iduna Marco Breseke & Team,These ads ran without a disclaimer,≤100
1785471408433895,Hörmann Deutschland,These ads ran without a disclaimer,≤100
112350050597755,tecc_germany,These ads ran without a disclaimer,≤100
547115755657303,ReThink Daylight,These ads ran without a disclaimer,≤100
287620881589935,Klimaschutzministerium RLP,Umweltministerium RLP,≤100
117745445076651,SPD Uetersen,SPD Uetersen,≤100
110983958313085,spica.astro.logy,These ads ran without a disclaimer,≤100
2150934411691670,FREUD Club,These ads ran without a disclaimer,≤100
439408326144566,CSU Stadtratsfraktion Nürnberg,CSU Stadtratsfraktion Nürnberg,≤100
630172117364339,POST von GEHRKE,POST von GEHRKE,≤100
116002808045726,2papas.fuer.keks,These ads ran without a disclaimer,≤100
835603829850056,Mannheim My Future,These ads ran without a disclaimer,≤100
132476996783723,Kaufland,These ads ran without a disclaimer,≤100
157315174298307,DAK-Gesundheit,DAK-Gesundheit,≤100
101575122932004,Fine Kindhearted,These ads ran without a disclaimer,≤100
634691876703843,Daniel Günther,CDU Schleswig-Holstein,≤100
112748450461911,VCD Kreisverband Aschaffenburg-Miltenberg e.V.,VCD Kreisverband Aschaffenburg-Miltenberg e.V.,≤100
1810088999013118,Kölner Presseclub e.V.,Kölner Presseclub,≤100
100615205068784,moncourage,These ads ran without a disclaimer,≤100
275335619167195,CDU Schleswig-Holstein,CDU Schleswig-Holstein,≤100
129055544305,Marinepool,These ads ran without a disclaimer,≤100
115542914862574,Vibrant Illiterate,These ads ran without a disclaimer,≤100
198741670143580,ilon Hautpflege,These ads ran without a disclaimer,≤100
290083287859449,Grüne Schmalkalden Meiningen Suhl,Grüne Schmalkalden Meiningen Suhl,≤100
101307485895578,Volksfest Pang,These ads ran without a disclaimer,≤100
107786941357080,KÜBLER GmbH Energiesparende Hallenheizungen,These ads ran without a disclaimer,≤100
1684724295099974,Trending Taiwan潮台灣,These ads ran without a disclaimer,≤100
233608640459526,Jens Kestner,Jens Kestner,≤100
294615500888608,Interface,These ads ran without a disclaimer,≤100
1050094841669430,Canal-Control+Clean,These ads ran without a disclaimer,≤100
115913004825263,Trusty Disfigured,These ads ran without a disclaimer,≤100
104200678369483,CUPGRADE,These ads ran without a disclaimer,≤100
102173667813143,KölnBusiness Wirtschaftsförderungs-GmbH,KölnBusiness Wirtschaftsförderungs-GmbH,≤100
102447141656283,"Carolin Bachmann, MdB",Carolin Bachmann,≤100
259393631519188,Wächter Sanitär,These ads ran without a disclaimer,≤100
112954048433592,Benjamin,These ads ran without a disclaimer,≤100
331622844197016,Robert Lambrou,Athanasios Robert Lambrou,≤100
103475578510240,Marina Jakob,Marina Jakob - Kandidatin zur Landtagswahl FREIE WÄHLER Schwaben,≤100
253060316597876,Lichtenhainer Zwerge,These ads ran without a disclaimer,≤100
142616569135649,Bayerisches Staatsministerium für Umwelt und Verbraucherschutz,These ads ran without a disclaimer,≤100
314469414485,SPD Neumünster,SPD Neumünster,≤100
2051860635076941,Arno Enners,Arno Enners AfD,≤100
102118759383257,Nicolas Meyer,Freie Wählergruppe Frankenthal e.V.,≤100
340811472964473,Christen an der Seite Israels,Christen an der Seite Israels,≤100
100917066173659,Plug the Sunshine,These ads ran without a disclaimer,≤100
393222158180430,Carel,These ads ran without a disclaimer,≤100
129280076734127,Master Population Health Management,These ads ran without a disclaimer,≤100
600924583252236,Landeszentrale für politische Bildung Sachsen-Anhalt,These ads ran without a disclaimer,≤100
106196585734039,ueberlebende_orte,These ads ran without a disclaimer,≤100
272174299602455,Peter Aumer,Joachim Günter Strauß,≤100
103983954374723,Bodo Wißen,Bodo Wißen,≤100
133471336687985,EVZ Foundation,"Stiftung Erinnerung, Verantwortung und Zukunft (EVZ)",≤100
193446070676544,Kunstverein Braunschweig,These ads ran without a disclaimer,≤100
1450128278551349,SPD Bad Schönborn,SPD Bad Schönborn,≤100
186618178093370,ADFC,These ads ran without a disclaimer,≤100
176508225770197,Austrian Master Classes,These ads ran without a disclaimer,≤100
108240387408985,Evgenia / Jenna,These ads ran without a disclaimer,≤100
507915275901456,Stadt Dortmund,Stadt Dortmund,≤100
108918508856241,Id1,These ads ran without a disclaimer,≤100
1456319554653709,aktiv-online,These ads ran without a disclaimer,≤100
1078884028800904,AfD-Fraktion Sachsen-Anhalt,AfD-Fraktion Sachsen-Anhalt,≤100
153467308073688,FDP Bielefeld,FDP Kreisverband Bielefeld,≤100
109725215092123,RFI Українською,These ads ran without a disclaimer,≤100
101023868033254,Markus Klaus,Markus Klaus,≤100
103143312672319,Christian Specht,Christian Specht,≤100
75492447764,GLS Bank,These ads ran without a disclaimer,≤100
107517705260832,Kayra,These ads ran without a disclaimer,≤100
1646914182006207,CDU Gemeindeverband Biederitz,CDU Gemeindeverband Biederitz,≤100
1551791831792745,Recai Aytas,These ads ran without a disclaimer,≤100
107917418798623,MyTrails GmbH,These ads ran without a disclaimer,≤100
121763211191717,dieUmweltDruckerei,These ads ran without a disclaimer,≤100
103755082084691,Waldwende Jetzt • Mittelrhein,Marcel Rolf Hoffmann,≤100
548577435509026,d&b audiotechnik,These ads ran without a disclaimer,≤100
145943619354315,Next Mobility,These ads ran without a disclaimer,≤100
209697875758716,DIE JUNGEN UNTERNEHMER,These ads ran without a disclaimer,≤100
110802954153447,Klim,Klim GmbH,≤100
118445328784907,Prof. Dr. Harald Weyel,Prof. Harald Weyel,≤100
263699680316406,Atlantis Headwear,These ads ran without a disclaimer,≤100
955766184451957,Das Handwerk,These ads ran without a disclaimer,≤100
26678879891,Petzl,These ads ran without a disclaimer,≤100
128408084020939,Bundesarbeitsgemeinschaft Kirche und Rechtsextremismus,Bundesarbeitsgemeinschaft Kirche und Rechtsextremismus,≤100
219292305480016,nestbau AG,These ads ran without a disclaimer,≤100
1035339163182067,Geero E-Bike,These ads ran without a disclaimer,≤100
175077355851347,popup-records [Germany],These ads ran without a disclaimer,≤100
104302375967915,Recomended,These ads ran without a disclaimer,≤100
484092041699648,Pangea Netzwerk - Das deutsch-bosnische Netzwerk,Pangea Netzwerk - Das deutsch-bosnische Netzwerk,≤100
1500157226968155,Apartment Club Saarbruecken,These ads ran without a disclaimer,≤100
154015121740225,SPD Nordfriesland,SPD Nordfriesland,≤100
143945907173,blu,These ads ran without a disclaimer,≤100
106356542429899,Fempiria Shop,These ads ran without a disclaimer,≤100
1444715022259906,ProCurand Unternehmensgruppe,These ads ran without a disclaimer,≤100
323724108344975,Prof. Dr. Ingo Hahn MdL,MdL Prof. Dr. Ingo Hahn,≤100
1124107627769329,IT-Heim-Consulting GmbH,These ads ran without a disclaimer,≤100
103717605343312,LizzyHerzer,These ads ran without a disclaimer,≤100
1887933271453851,hallo nachbar,These ads ran without a disclaimer,≤100
120764411288923,Johanniter-Unfall-Hilfe e.V.,These ads ran without a disclaimer,≤100
2175880285988293,Stadtwerke Stuttgart,Stadtwerke Stuttgart GmbH,≤100
549796328395150,Beatrix von Storch,"Beatrix von Storch, MdB",≤100
105065074517009,Politisches Bildungsforum Hessen der Konrad-Adenauer-Stiftung,Konrad-Adenauer-Stiftung e.V.,≤100
117707791578163,Animals’ Angels e.V.,These ads ran without a disclaimer,≤100
102252525898596,Lương Y Phạm Văn Thanh,These ads ran without a disclaimer,≤100
207331596461341,SPD Geesthacht,SPD Geesthacht,≤100
105078471379790,Lothar Waehler MdL,Lothar Waehler MdL,≤100
113160035085296,Blendrz Shop,Ede Peter Fodor,≤100
102595689002292,oksanayashan,These ads ran without a disclaimer,≤100
114554831934355,Tierschutzbund,These ads ran without a disclaimer,≤100
110420128160680,Klimaquartett,These ads ran without a disclaimer,≤100
1508446642792459,Vattenfall,These ads ran without a disclaimer,≤100
112338935444815,IW Medien,These ads ran without a disclaimer,≤100
101537199537860,Helge Soeren Helms,Helge Soeren Helms,≤100
1185426861579962,BISSELL Deutschland,These ads ran without a disclaimer,≤100
100202601987964,KlimazukunftWald,Deutscher Forstwirtschaftsrat e. V.,≤100
427682554046545,SPD im Kreis Plön,SPD-Kreisverband Plön,≤100
102601651144634,PELY - Praktisch im Alltag. Freundlich zur Umwelt.,These ads ran without a disclaimer,≤100
186504638060219,FDP Quickborn,FDP Quickborn,≤100
107965755608217,kareldeus,These ads ran without a disclaimer,≤100
2175328549346650,Deutscher Koordinierungsrat GCJZ,These ads ran without a disclaimer,≤100
109144388198985,Susanne Rößner - FW,Susanne Rößner,≤100
108578104884529,Politik für die Katz',Politik für die Katz',≤100
100219683064794,turandegi,These ads ran without a disclaimer,≤100
1733616333563971,Human Constanta,These ads ran without a disclaimer,≤100
164371030277772,Gemeinschaftswerk Nachhaltigkeit,These ads ran without a disclaimer,≤100
196621830371898,CDU Kreisverband Dithmarschen,CDU Kreisverband Dithmarschen,≤100
229357780969497,Nina Schilling,FDP Ortsverband Wedel,≤100
111399614966778,More Helping Hands,These ads ran without a disclaimer,≤100
108766202103136,HARMlose Fragen,HARMlose Fragen,≤100
124281297648098,WSW Wuppertaler Stadtwerke GmbH,WSW Wuppertaler Stadtwerke GmbH,≤100
101795709457897,Power2Change: Mission Energiewende,These ads ran without a disclaimer,≤100
1441975055859776,SPD Stadtverband Amberg,SPD Stadtverband Amberg,≤100
592911160736266,PFEFFERMINZIA,These ads ran without a disclaimer,≤100
100630963027335,Monthly Anxious,These ads ran without a disclaimer,≤100
1463346287219503,CDU-Ratsfraktion Bonn,CDU-Ratsfraktion Bonn,≤100
179398515408980,Druckerei Lippert GmbH,These ads ran without a disclaimer,≤100
110357013717466,Loot4Games.gg,These ads ran without a disclaimer,≤100
153866051940983,Molto Luce,These ads ran without a disclaimer,≤100
100654631773257,CDU Lindenfels,Sebastian Schmitt,≤100
101790265761522,AdvoAgent,These ads ran without a disclaimer,≤100
1119942894694068,Hamburger Hilfskonvoi,Hamburger Hilfskonvoi,≤100
109023530752200,Changing Markets Foundation,These ads ran without a disclaimer,≤100
101478712863847,European news,These ads ran without a disclaimer,≤100
376131379101384,Freie Wähler Lübeck,FREIE WÄHLER Lübeck,≤100
317265465534727,Kritische JuristInnen Bochum,These ads ran without a disclaimer,≤100
446308005441786,SPD Stormarn,SPD Stormarn,≤100
141015715922682,Richtungswechsel,Klaus Werner Fricke,≤100
1695687047325997,Steuerrechts-Institut KNOLL GmbH,These ads ran without a disclaimer,≤100
1427513037563029,NaturBüro-SH - Die kleine Waldschule,These ads ran without a disclaimer,≤100
146237848870691,Lukas Stern,These ads ran without a disclaimer,≤100
264511280369910,Maashaltig,These ads ran without a disclaimer,≤100
1622354278047452,Dietrich Rauch,These ads ran without a disclaimer,≤100
109450251615236,Addax Motors,These ads ran without a disclaimer,≤100
470636793046546,UİD DÜREN,These ads ran without a disclaimer,≤100
1634807696793090,SPD Hansestadt Stade,SPD Hansestadt Stade,≤100
104524625500438,Birgit Heitland,Birgit Heitland,≤100
102970949234563,inesmarbach,These ads ran without a disclaimer,≤100
798061040378259,CINTHIA Real Estate,These ads ran without a disclaimer,≤100
182143578978802,V.Bauduin Metallbearbeitung & Schweißfachbetrieb GmbH & Co. KG,These ads ran without a disclaimer,≤100
275948812881586,NVV bewegt,Nordhessischer Verkehrsverbund,≤100
314097225628310,homeandsmart.de,These ads ran without a disclaimer,≤100
109211515409715,Cog-Pkg Media,These ads ran without a disclaimer,≤100
104593458269168,Your Daily Fun Break,These ads ran without a disclaimer,≤100
108447981394511,Berliner Landestierschutzbeauftragte/ Animal Protection Commissioner,These ads ran without a disclaimer,≤100
101433869175045,Kipppunkt Kollektiv,These ads ran without a disclaimer,≤100
100905464726635,finep - forum für internationale entwicklung + planung,finep - forum für internationale entwicklung + planung,≤100
611910082337980,VerbraucherCheck.net,Verbrauchercheck.net,≤100
109496574624744,krachfink,These ads ran without a disclaimer,≤100
1778430498862319,Verband muslimischer Lehrkräfte,These ads ran without a disclaimer,≤100
108029944246996,POLITICO Studio,These ads ran without a disclaimer,≤100
126018348796319,DanielSchneider,Daniel Schneider,≤100
527351247377965,European Committee of the Regions,European Committee of the Regions,≤100
103141031636445,𝓔𝓼𝓶𝓪 𝓗𝓪𝓷ı𝓶’ı𝓷 𝓨𝓮𝓻𝓲,These ads ran without a disclaimer,≤100
112993790163333,Anton Rittel,Rittel Anton,≤100
120540077612261,EU News,These ads ran without a disclaimer,≤100
1391216441106894,Wirtschaftsagentur Wien - Vienna Business Agency,These ads ran without a disclaimer,≤100
200100613443101,DIE LINKE. Bielefeld,DIE LINKE. Kreisverband Bielefeld,≤100
1004883576238809,GoodJobs,These ads ran without a disclaimer,≤100
1415068268801621,Ratgeber-Ofen,These ads ran without a disclaimer,≤100
110909503777219,Eckbert Sachse,Eckbert Sachse,≤100
100824649126280,Sunroof Solar Mounting GmbH,These ads ran without a disclaimer,≤100
523241384474582,Behr's GmbH,These ads ran without a disclaimer,≤100
107140025016889,ELMAR GEHRKE,Elmar Gehrke,≤100
1245757778822692,Ute Meiers,Ute Elisabeth Meiers,≤100
108928301617845,souhadayeh,These ads ran without a disclaimer,≤100
111212451618875,"БО ""БФ ""Свобода України""",These ads ran without a disclaimer,≤100
105432091972604,SiteGround Deutschland,These ads ran without a disclaimer,≤100
341277720373,myclimate,These ads ran without a disclaimer,≤100
113507151692228,SPD Grömitz,SPD Grömitz,≤100
111969398555528,События Дня,These ads ran without a disclaimer,≤100
102109596109933,easy_teacher_eduki,These ads ran without a disclaimer,≤100
192599657745870,Hugo Müller-Vogg,These ads ran without a disclaimer,≤100
443522133126069,AfD-Fraktion Bezirk Eimsbüttel,AfD-Fraktion Bezirk Eimsbüttel,≤100
107711604717052,Stockholm International Music Competition,These ads ran without a disclaimer,≤100
905552552842058,Neue Mobilität: bewegt nachhaltig,Ministerium für Verkehr Baden-Württemberg,≤100
131840030178250,Booking.com,These ads ran without a disclaimer,≤100
443672485702289,Tintenherz Kinderbücher und Spiele,These ads ran without a disclaimer,≤100
115584008183367,Testy Wellinformed,These ads ran without a disclaimer,≤100
108258998739587,I Did not know,These ads ran without a disclaimer,≤100
294494163510,Europäisches Parlament - Verbindungsbüro in Deutschland,Europäisches Parlament - Verbindungsbüro in Deutschland,≤100
1556709884550451,Jean-Pascal Hohm,Jean-Pascal Hohm,≤100
231425903556448,SPD Dithmarschen,SPD Dithmarschen,≤100
414111711973316,Kathrin Anklam-Trapp,Kathrin Anklam-Trapp,≤100
104187209333343,KI - Topaktuell,These ads ran without a disclaimer,≤100
105055555265502,Thorsten Schleif,These ads ran without a disclaimer,≤100
299227370123981,Stiftung Bildung,Stiftung Bildung,≤100
132511980156991,Grüne Flensburg,"BÜNDNIS 90/DIE GRÜNEN, Kreisverband Flensburg",≤100
228618550513119,sagwas,sagwas,≤100
314835678971290,TCL Electronics,These ads ran without a disclaimer,≤100
153467308073688,FDP Bielefeld,FDP Bielefeld,≤100
993853507487978,Freunde und Förderer des Tierpark Wolgast,Daniel Staufenbiel,≤100
100438288796157,achimbaudys,These ads ran without a disclaimer,≤100
154798588438690,CDU Bredstedt,CDU Bredstedt,≤100
321300858288999,Lebensperspektiven e.V.,These ads ran without a disclaimer,≤100
529995173826265,Bibiana Barth,These ads ran without a disclaimer,≤100
111222705219215,Medix Deutschland GmbH,These ads ran without a disclaimer,≤100
103434879342703,Kein Bock auf Grüne,These ads ran without a disclaimer,≤100
106349407748983,AussenseiterDesignz,These ads ran without a disclaimer,≤100
1408487869370774,Woody Display,These ads ran without a disclaimer,≤100
103976816030694,René Hendricks SPD,SPD Kreisverband Plön - Kandidat René Hendricks,≤100
109049655452106,UWLeck,These ads ran without a disclaimer,≤100
20850618348,Deutsches Architekturmuseum,These ads ran without a disclaimer,≤100
100546365128633,Ukr Dim e.V.,These ads ran without a disclaimer,≤100
339678509714670,Akademie Biberkor,These ads ran without a disclaimer,≤100
119914269658,die börse - wuppertal,These ads ran without a disclaimer,≤100
358660427653741,UBS Formula 1,These ads ran without a disclaimer,≤100
114484108586773,CDU-Fraktion Leipzig,CDU-Fraktion im Stadtrat zu Leipzig,≤100
116063261821825,Gut Karlshöhe,Hamburger Klimaschutzstiftung,≤100
108209480522423,Dr. Sylvia Limmer,Dr. Sylvia Limmer,≤100
635749213117505,FDP-Fraktion Frankfurt,FDP-Römerfraktion,≤100
2062817733989885,Frank Grobe,Frank Grobe,≤100
117983671254263,sandra1234doris,These ads ran without a disclaimer,≤100
111390757093321,ASC - Verantwortungsvolle Fischzucht,These ads ran without a disclaimer,≤100
102594408318913,KymTada Art,These ads ran without a disclaimer,≤100
118101047927218,ID Master,These ads ran without a disclaimer,≤100
311169798900208,"Bundesarbeitgeberverband Chemie, BAVC",These ads ran without a disclaimer,≤100
101286834669979,Fairy Tales Retold,These ads ran without a disclaimer,≤100
102727121816068,Святлана Ціханоўская,These ads ran without a disclaimer,≤100
137614316296061,B&K Offsetdruck,These ads ran without a disclaimer,≤100
106331474473738,Esport Mobile,These ads ran without a disclaimer,≤100
184537051562043,Linksfraktion Köln,Linksfraktion Köln,≤100
102354925955663,thedigitalmom.de,These ads ran without a disclaimer,≤100
358809037566121,CDU Siek-Meilsdorf,CDU Ortsverband Siek-Meilsdorf,≤100
153450038061323,SPD Barsinghausen,SPD Ortsverein Barsinghausen,≤100
339000853449683,Grüne Lensahn,Grüne Lensahn,≤100
104830072541006,raleas_house_of_soul,These ads ran without a disclaimer,≤100
141345402562251,DGB Jugend,DGB Jugend,≤100
551454868335591,Alevi Yayınevi Avrupa - Alevi-Verlag.de,These ads ran without a disclaimer,≤100
15087023444,Nike,These ads ran without a disclaimer,≤100
147585115410223,LeipJAZZig,These ads ran without a disclaimer,≤100
359596061148045,Justus Schmitt,Justus Schmitt,≤100
105880939133039,mci__italia,These ads ran without a disclaimer,≤100
112689270088518,Volkstekk Hardtekk,These ads ran without a disclaimer,≤100
132442733544248,Sudetendeutsche Landsmannschaft,Sudetendeutsche Landsmannschaft – Bundesverband – e.V.,≤100
137241232436,The Ocean Race,These ads ran without a disclaimer,≤100
100778911281310,Kirill Vorwald,These ads ran without a disclaimer,≤100
278520289258919,Wählergemeinschaft Pro-Kaki e.V.,Wählergemeinschaft Pro-Kaki e.V.,≤100
156949154428878,"Stadt, Land, Mama",These ads ran without a disclaimer,≤100
100171809513321,csdmagdeburg,These ads ran without a disclaimer,≤100
110947301729456,Wen Creel,These ads ran without a disclaimer,≤100
112429881365845,bjoerni_lessons,These ads ran without a disclaimer,≤100
306105376225527,DGB Region Schleswig-Holstein Südost in Lübeck,DGB Region Schleswig-Holstein Südost,≤100
1201097283240621,AfD Regionalverband Flensburg-Schleswig,AfD Kreis Flensburg-Schleswig,≤100
179649492694260,AfD Hamburg-Bergedorf,AfD Hamburg-Bergedorf,≤100
103161599732341,IMPULSE,These ads ran without a disclaimer,≤100
196616723733997,SSW,SSW Landesverband,≤100
122363921200097,DIE LINKE Rendsburg-Eckernförde,Die Linke KV Rendsburg-Eckernförde,≤100
1553146321608101,Faire Gagen für Komparsen & Darsteller,These ads ran without a disclaimer,≤100
802526116482655,BFF - Bürger für Frankfurt,Bürger Für Frankfurt BFF e. V.,≤100
120646224263449,Martin Karchoud,These ads ran without a disclaimer,≤100
355547704559438,SPD Barsbüttel,SPD Barsbüttel,≤100
112806620191421,Transgourmet Karriere,These ads ran without a disclaimer,≤100
102647316156106,Digital S,These ads ran without a disclaimer,≤100
100714742526270,FTD.de,These ads ran without a disclaimer,≤100
205522573710401,Barmer Interessenvertretung - BIV,These ads ran without a disclaimer,≤100
177085642309256,ELEKTRONIKPRAXIS,These ads ran without a disclaimer,≤100
1482854371947799,Conrad Business,These ads ran without a disclaimer,≤100
102500518635499,ENTR en,These ads ran without a disclaimer,≤100
1601787879964686,"Andreas Schubert, MdL",These ads ran without a disclaimer,≤100
353603258121,Klimaschutzagentur Region Hannover,These ads ran without a disclaimer,≤100
170877249760528,BUND Sachsen,These ads ran without a disclaimer,≤100
110473628696102,ARAG Peter Zwicker,These ads ran without a disclaimer,≤100
317774625278699,Beratungsgesellschaft M. Willkomm Mbh,These ads ran without a disclaimer,≤100
106645662332010,Christian Gruber,These ads ran without a disclaimer,≤100
100353424779684,Lemmiblog,These ads ran without a disclaimer,≤100
104128817872194,Nataliia Schütze Photography,These ads ran without a disclaimer,≤100
103941832692652,1id,These ads ran without a disclaimer,≤100
114655564943356,Hospitable Quixotic,These ads ran without a disclaimer,≤100
101204162970247,Naive Droopy,These ads ran without a disclaimer,≤100
104753752261831,margarita.tsomou,These ads ran without a disclaimer,≤100
116444671424666,Doting Turbulent,These ads ran without a disclaimer,≤100
100464856376904,Crushing Blind,These ads ran without a disclaimer,≤100
162613150436269,Willer,These ads ran without a disclaimer,≤100
171738802199,Frankfurt School of Finance & Management,These ads ran without a disclaimer,≤100
1272508609580504,Write Now Berlin,These ads ran without a disclaimer,≤100
117081094625957,Melisola,These ads ran without a disclaimer,≤100
104103569308735,selfdefense_frauen_havelland,These ads ran without a disclaimer,≤100
107503452339107,Edible Early,These ads ran without a disclaimer,≤100
112852285134004,Blind Difficult,These ads ran without a disclaimer,≤100
769565186388057,Erntekunststoffe Recycling Deutschland ERDE,These ads ran without a disclaimer,≤100
116237914783507,Unaware Green,These ads ran without a disclaimer,≤100
291047031608523,USR Germania,Partidul Uniunea Salvați România,≤100
1119942894694068,Hamburger Hilfskonvoi,Christian Großeholz,≤100
105958114684832,AfD Ortsverband Schenefeld,AfD Ortsverband Schenefeld,≤100
132188570707937,Eva Lettenbauer,Eva Lettenbauer,≤100
182122032722108,Franz Bergmüller MdL,Franz Bergmüller MdL,≤100
172046250105103,Benjamin Miskowitsch,Benjamin Peter Miskowitsch,≤100
405134214936,Bethel - Für Menschen da sein,These ads ran without a disclaimer,≤100
318145980607,SPD Mittelbaden,SPD Mittelbaden,≤100
105858589029062,frithjof.brandt,These ads ran without a disclaimer,≤100
324950845227,VerkehrsRundschau,These ads ran without a disclaimer,≤100
109652272114001,Winding Handy,These ads ran without a disclaimer,≤100
1562973007281432,CDA KV Saarbrücken Stadt,These ads ran without a disclaimer,≤100
407866129412153,Verband Deutsch-Syrischer Hilfsvereine e.V.,These ads ran without a disclaimer,≤100
381436865274574,Jusos Norderstedt,Jusos Norderstedt,≤100
119705017772573,Blackandwhite Cooperative,These ads ran without a disclaimer,≤100
105328695738132,Osnabrücker Friedensjubiläum 2023,Osnabrücker Friedensjubiläum 2023,≤100
381757331870281,Bundesarbeitsgemeinschaft Katholische Jugendsozialarbeit (BAG KJS) e.V.,These ads ran without a disclaimer,≤100
311532622287922,Gustav Mäuler GmbH & Co KG Spedition + Service,These ads ran without a disclaimer,≤100
104446252530843,Dorn Ba,These ads ran without a disclaimer,≤100
260672137420012,SPD Lauenburg,SPD Lauenburg,≤100
115791799979438,DGB Nord,DGB Nord,≤100
104134548384669,Für Moers,"Fraktion ""Für Moers""",≤100
109912408758097,Canine Ornery,These ads ran without a disclaimer,≤100
778110315651073,Gebt den Neumarkt wieder frei,These ads ran without a disclaimer,≤100
116195911402514,gruenejugendstuttgart,These ads ran without a disclaimer,≤100
1713343712235244,Kul'tura e.V.,These ads ran without a disclaimer,≤100
105291182838701,AssCompact,These ads ran without a disclaimer,≤100
734275149955405,SPD-Ortsverein Schinkel,SPD-Ortsverein Schinkel,≤100
104190417656681,Students For Future - Wuppertal,These ads ran without a disclaimer,≤100
100867642245670,_nathalieberger_,These ads ran without a disclaimer,≤100
365482060161459,CDU Husum,CDU Husum,≤100
103001792787980,Herdenken Vol Leven,These ads ran without a disclaimer,≤100
100230246295261,Mr New Life,These ads ran without a disclaimer,≤100
580401892143117,AfD-Fraktion Mecklenburg-Vorpommern,AfD-Fraktion im Landtag Mecklenburg-Vorpommern,≤100
111663158576976,Id4,These ads ran without a disclaimer,≤100
105649255778400,Georg Wyrwoll - Werbach,Georg Wrywoll,≤100
985930788266030,Land ODER Wolf,These ads ran without a disclaimer,≤100
728777680472126,admixx gmbh,These ads ran without a disclaimer,≤100
111233810781057,Niko Reith,Nikolai Alexander Reith,≤100
360219964518410,Seebrücke Freiburg,These ads ran without a disclaimer,≤100
102343321860802,Jakob Blankenburg,"Jakob Blankenburg, MdB",≤100
114162944991637,Id1,These ads ran without a disclaimer,≤100
807987299259758,Medic-Star,These ads ran without a disclaimer,≤100
1401451576658621,Basq company,These ads ran without a disclaimer,≤100
112354478508109,Hearty Violet,These ads ran without a disclaimer,≤100
763910583697170,FDP Jena-Saale-Holzland,FDP Jena-Saale-Holzland,≤100
112012005025630,postost_kollektiv,These ads ran without a disclaimer,≤100
81386795687,CSU (Christlich-Soziale Union),CSU (Christlich-Soziale Union),≤100
2825062624170868,Regal Springs Deutschland,These ads ran without a disclaimer,≤100
843591909081361,BOLD - Bamberg,These ads ran without a disclaimer,≤100
258376008366469,AYA Label,These ads ran without a disclaimer,≤100
123999364291001,Ankerherz,These ads ran without a disclaimer,≤100
146578662111488,Pferdegnadenhof Edelweiss,These ads ran without a disclaimer,≤100
102159372825986,Stadtbahn Regensburg,These ads ran without a disclaimer,≤100
1608206406110394,Willpower,These ads ran without a disclaimer,≤100
187024618004397,Stadtratsfraktion SPD/Volt München,SPD/Volt-Stadtratsfraktion München,≤100
115284013260598,"Kathrin Pollack,  SPD","Kathrin Pollack,  SPD",≤100
1645601748996901,McMakler,These ads ran without a disclaimer,≤100
113070061778923,Cuddly Jittery,These ads ran without a disclaimer,≤100
141612489183275,Hans-Böckler-Stiftung,Hans-Böckler-Stiftung,≤100
933984800017095,Zeitpunkt,These ads ran without a disclaimer,≤100
632124420169233,TRT Afrika Hausa,These ads ran without a disclaimer,≤100
74188072997,Volvo Penta at Sea,These ads ran without a disclaimer,≤100
101191206277439,__i_n_k_e_d_k_a_t_i__,These ads ran without a disclaimer,≤100
2282761148661410,Fritz Bauer Forum,BUXUS Stiftung gGmbH,≤100
105156595912163,,These ads ran without a disclaimer,≤100
1637904086536648,FEFCO,These ads ran without a disclaimer,≤100
143526063019266,Proud Africans,These ads ran without a disclaimer,≤100
120202611050476,The Money Mindset,These ads ran without a disclaimer,≤100
205109343006607,Manfred Bachmayer,Manfred Bachmayer,≤100
103950034444585,SPD Viersen,SPD Ortsverband Viersen,≤100
229271190566393,Aliud Pharma,These ads ran without a disclaimer,≤100
189078481173230,CDU Kreisverband Nordfriesland,CDU Kreisverband Nordfriesland,≤100
106527425752661,frezzo.clothing,These ads ran without a disclaimer,≤100
150793518281117,Covestro,These ads ran without a disclaimer,≤100
124340177284061,TomorrowBuilding,These ads ran without a disclaimer,≤100
100143246105924,Nordsee Event GmbH,These ads ran without a disclaimer,≤100
242641809484926,Joana Cotar,These ads ran without a disclaimer,≤100
234719636709452,Andreas Bühl,Andreas Bühl,≤100
101077279959576,Mein Mehl,These ads ran without a disclaimer,≤100
630809920303095,Erasmus+,These ads ran without a disclaimer,≤100
106177365777957,E-bike & the Environment,These ads ran without a disclaimer,≤100
100822712149179,Katharina Pötter,Katharina Pötter,≤100
344895352523105,Studio Wehberg,These ads ran without a disclaimer,≤100
399905680038132,SPD Ascheberg,Volker Brümmer,≤100
115643645121323,Deuter,These ads ran without a disclaimer,≤100
610696639428997,VEOCEL,These ads ran without a disclaimer,≤100
185490505413,Jusos Schleswig-Holstein,Jusos Schleswig-Holstein,≤100
611477839508497,Hida lab 히다랩,These ads ran without a disclaimer,≤100
103606095947052,Caretta_de,These ads ran without a disclaimer,≤100
121627234210799,Frau Çalıkuşu,These ads ran without a disclaimer,≤100
296836513743337,Stefan Verra,These ads ran without a disclaimer,≤100
176868462372092,experten-netzwerk,These ads ran without a disclaimer,≤100
104735815709358,recht__einfach_erklaert_,These ads ran without a disclaimer,≤100
120633904332712,Williams Avalos,These ads ran without a disclaimer,≤100
100946331929105,Schola Palatina,These ads ran without a disclaimer,≤100
103149877873107,hendrik_ruoff,These ads ran without a disclaimer,≤100
113444252101964,FDP Stuttgart,Freie Demokratische Partei/Demokratische Volkspartei (FDP/DVP),≤100
100902351834475,Cartoon Coon,These ads ran without a disclaimer,≤100
285222138247788,SPD Bad Schwartau,SPD Bad Schwartau,≤100
1004775922873604,Diözese Rottenburg-Stuttgart,These ads ran without a disclaimer,≤100
262890930391164,CSU Augsburg,CSU Augsburg,≤100
610139302510694,SPD Mölln,SPD Mölln,≤100
570458563072378,MAZ Havelland,MADSACK Market Solutions GmbH,≤100
102811399355340,nadine.storch,These ads ran without a disclaimer,≤100
114446431572377,Valentin Weigel,Valentin Weigel,≤100
100164834736129,Deutsche Tier-Lobby - DTL,Deutsche Tier-Lobby e.V.,≤100
100289548320054,HT Hotel Trieste-Gradisca d'Isonzo,These ads ran without a disclaimer,≤100
399954936845367,SPD Geisenheim,SPD Geisenheim,≤100
226189357453822,NewFinance.today,These ads ran without a disclaimer,≤100
109874268466914,Marküs Racic PHOTOGRAPHIE,These ads ran without a disclaimer,≤100
637552983272437,FDP-Fraktion Bayern,FDP-Fraktion Bayern,≤100
110370645301692,in_frauenhand,These ads ran without a disclaimer,≤100
1963256010657505,Blau-Gelbes-Kreuz e.V.,These ads ran without a disclaimer,≤100
245359058938449,Brunel Global,These ads ran without a disclaimer,≤100
414260172247509,Gemeinsam vor Ort - Wählergemeinschaft in Mönkeberg,Gemeinsam vor Ort - Wählergemeinschaft im Kreis Plön,≤100
486203081469505,Johannes Vogel,Johannes Vogel,≤100
25406037041,GRÜNE Hamburg,GRÜNE Hamburg,≤100
110742887441196,Nature Basics,These ads ran without a disclaimer,≤100
106892895068657,Reykjavik Science City,These ads ran without a disclaimer,≤100
100544602436510,rasche.gruppe,These ads ran without a disclaimer,≤100
101748872546074,MAIN-Weg,MainWeg gGmbH,≤100
606214396510791,FDP Schenefeld,These ads ran without a disclaimer,≤100
1685832891464983,nebenan.de Stiftung,These ads ran without a disclaimer,≤100
1403988733183196,AfD Kreisverband Minden-Lübbecke,AfD Kreisverband Minden-Lübbecke,≤100
156844567712714,FDP im Stadtrat Neu-Ulm,FDP im Stadtrat Neu-Ulm,≤100
118122011194925,Demokratische Vereinigung Deutschland - DVD-Partei,Demokratische Vereinigung Deutschland - DVD-Partei,≤100
372543722891096,"Salouru, Real Estate",These ads ran without a disclaimer,≤100
108630325230974,krisenchat_ukrainian,These ads ran without a disclaimer,≤100
757499801061495,anzeiger24.de,Dein Hilden,≤100
141672709262631,Speexx,These ads ran without a disclaimer,≤100
1703416996566672,Echt Grün - Eure Landwirte,Echt Grün - Eure Landwirte,≤100
101094284872606,BonnLive,These ads ran without a disclaimer,≤100
242877865923318,Die Sächsische Union,Die Sächsische Union,≤100
138621949517008,Münchrath Fachschule Für Friseure Köln City,These ads ran without a disclaimer,≤100
198869530158960,Stadtwerke Düsseldorf,Stadtwerke Düsseldorf AG,≤100
300369183362735,ENESSERE,These ads ran without a disclaimer,≤100
107558169005404,FWG-Plön,FWG Plön,≤100
251218774987056,Kfz-Sachverständigenbüro / Havariekommissariat Lars Dziemba,Lars Dziemba,≤100
435633199945731,Miret,These ads ran without a disclaimer,≤100
539101279589375,SPD Waabs,Martin David,≤100
1788708344735944,Falter.W Photography,These ads ran without a disclaimer,≤100
106056771824529,sanima86,These ads ran without a disclaimer,≤100
1703557629961221,SWN - Stadtwerke Neuwied GmbH,SWN - Stadtwerke Neuwied GmbH,≤100
108156902267187,Id4,These ads ran without a disclaimer,≤100
381299395288117,Comprisma,These ads ran without a disclaimer,≤100
122038517830943,FDP Schwerin,FDP Schwerin,≤100
288143841600204,refurbed,These ads ran without a disclaimer,≤100
487359271292536,Greator,These ads ran without a disclaimer,≤100
144709575593854,EESC - European Economic and Social Committee,EESC - European Economic and Social Committee,≤100
391007680922216,Junge Union Nordfriesland,Junge Union Nordfriesland,≤100
280002472792336,Bredstedt - unsere kleine Stadt,Stadt Bredstedt,≤100
1998298077109717,Mansfeld-Löbbecke-Stiftung von 1833,Mansfeld-Löbbecke-Stiftung von 1833,≤100
943698425669936,Zuckerverbände,These ads ran without a disclaimer,≤100
1803279899993382,"Ni Una Palmadita, Fernanda Restrepo",These ads ran without a disclaimer,≤100
148099879349444,Abellio Rail Mitteldeutschland,These ads ran without a disclaimer,≤100
153743591471761,ADAC Klassik,These ads ran without a disclaimer,≤100
164909676887623,Netgo,These ads ran without a disclaimer,≤100
105330944370490,Deutschland Forstet Auf,These ads ran without a disclaimer,≤100
249986091716256,Deutscher Jagdverband e.V.,These ads ran without a disclaimer,≤100
459285390922881,Hans Georg van Herste,These ads ran without a disclaimer,≤100
232874490208891,Bundesagentur für Arbeit,Bundesagentur für Arbeit,≤100
63572179769,Die Zimmermänner,These ads ran without a disclaimer,≤100
6321018343,The Japan Times,These ads ran without a disclaimer,≤100
107499602687655,Freie Wähler Stuttgart,Freie Wähler Kreisverband Stuttgart e.V.,≤100
256998207759081,FREIE WÄHLER Hessen,FREIE WÄHLER Hessen,≤100
306829362712575,FDP Flensburg,FDP Flensburg,≤100
324143927703289,CDU - Anpacken für Bargteheide,CDU OV Bargteheide,≤100
103733452216984,ensemble.tours,These ads ran without a disclaimer,≤100
306064959461205,UMAGE,These ads ran without a disclaimer,≤100
103022776117511,Сводка новостей,These ads ran without a disclaimer,≤100
107346929017356,Velvety Kindhearted,These ads ran without a disclaimer,≤100
450131485341745,Future Energy Asia,These ads ran without a disclaimer,≤100
102980832777264,vugarboniak,These ads ran without a disclaimer,≤100
111897381887943,Definite Unusual,These ads ran without a disclaimer,≤100
106071412479717,События Дня,These ads ran without a disclaimer,≤100
104402439158280,محسن الرمال,These ads ran without a disclaimer,≤100
114973231566708,24EU FN,These ads ran without a disclaimer,≤100
102964102556890,Bettermanly - Magazine page 2,These ads ran without a disclaimer,≤100
10150101992785717,Do Orlando North,These ads ran without a disclaimer,≤100
107005552383474,Umweltecke,These ads ran without a disclaimer,≤100
101819579574523,Adept Kindly,These ads ran without a disclaimer,≤100
102008449359389,Ukrainian in Germany,These ads ran without a disclaimer,≤100
101289218907718,Web News,These ads ran without a disclaimer,≤100
604598226218072,CNH Industrial,These ads ran without a disclaimer,≤100
1431892280437474,Radtouren in Osteuropa,These ads ran without a disclaimer,≤100
391935651172077,Платформа соціальних змін,These ads ran without a disclaimer,≤100
106248280924879,Mini Melts Eis,These ads ran without a disclaimer,≤100
108947298309629,Dreamsbirds.us,These ads ran without a disclaimer,≤100
100469053039975,Bleak Probable,These ads ran without a disclaimer,≤100
108807695846538,PressReader,These ads ran without a disclaimer,≤100
102964476125017,Soggy Lumbering,These ads ran without a disclaimer,≤100
103075499294342,Coefficiey,These ads ran without a disclaimer,≤100
103321546070767,Najpiękniejszych małych miasteczek,These ads ran without a disclaimer,≤100
104648785749269,Turkey Tour,These ads ran without a disclaimer,≤100
143714609499536,OCP Group,These ads ran without a disclaimer,≤100
111839851893637,Anchored Rosy,These ads ran without a disclaimer,≤100
1135331653277129,Черный список Одесса,These ads ran without a disclaimer,≤100
217519028785017,Nature Research Custom Media,These ads ran without a disclaimer,≤100
104234202668763,Immense Genuine,These ads ran without a disclaimer,≤100
121594700910811,Cluttered Wilted,These ads ran without a disclaimer,≤100
185561295623272,Move To Help Foundation,These ads ran without a disclaimer,≤100
101302478014531,Global Alliance of Universities on Climate,These ads ran without a disclaimer,≤100
10606591490,TIME,These ads ran without a disclaimer,≤100
216311481960,Bill Gates,These ads ran without a disclaimer,≤100
119405895873,Huawei,These ads ran without a disclaimer,≤100
104015018553973,The Genesis Prize - פרס בראשית,These ads ran without a disclaimer,≤100
102072599470181,Advanced Trading,These ads ran without a disclaimer,≤100
111040628633702,TSL 1,These ads ran without a disclaimer,≤100
5777654412,"Israel Museum, Jerusalem",These ads ran without a disclaimer,≤100
126647422239291,stand_up_for_nuclear,These ads ran without a disclaimer,≤100
852370551453606,GARP,These ads ran without a disclaimer,≤100
102005149565697,,These ads ran without a disclaimer,≤100
102734576127485,Wedare 56,These ads ran without a disclaimer,≤100
101043665967255,official_blessed03,These ads ran without a disclaimer,≤100
104281381774959,University of Cambridge Online,These ads ran without a disclaimer,≤100
232479886816529,Cambridge Institute for Sustainability Leadership,These ads ran without a disclaimer,≤100
1384346251813235,Frequent Traveller Circle,These ads ran without a disclaimer,≤100
156279764411149,Times Higher Education,These ads ran without a disclaimer,≤100
1050993361586363,Dutch Yellowtail,These ads ran without a disclaimer,≤100
55852972334,University of Edinburgh Business School,These ads ran without a disclaimer,≤100
123400514072762,Срочные Новости,These ads ran without a disclaimer,≤100
354154019404,Polygiene,These ads ran without a disclaimer,≤100
476179919621255,Misbar - مسبار,These ads ran without a disclaimer,≤100
117899271295024,Powerful kitty,These ads ran without a disclaimer,≤100
111902870168738,Seçimini Yap,These ads ran without a disclaimer,≤100
117129501323683,Grand vw7,These ads ran without a disclaimer,≤100
106372491680951,Beaseat-4,These ads ran without a disclaimer,≤100
107377835575567,Ronity,These ads ran without a disclaimer,≤100
111069641953330,holger_schrb,These ads ran without a disclaimer,≤100
622390311179612,وقف الأمة Ümmet Vakfı,These ads ran without a disclaimer,≤100
1220981994590364,FT Partner Content,These ads ran without a disclaimer,≤100
1019371574867554,Sara Barbato️,These ads ran without a disclaimer,≤100
101545415784484,Simple Tribune,These ads ran without a disclaimer,≤100
101488416279521,Illinformed Imperfect,These ads ran without a disclaimer,≤100
110980888642151,Twibbon April,These ads ran without a disclaimer,≤100
208947112492576,Hong Kong Science Park,These ads ran without a disclaimer,≤100
132554058327,Faurschou,These ads ran without a disclaimer,≤100
100895243003318,Tsl-Project,These ads ran without a disclaimer,≤100
102224898933734,MindDig,These ads ran without a disclaimer,≤100
117720231300445,Важно Знать,These ads ran without a disclaimer,≤100
705261252955704,Bizim Haber,These ads ran without a disclaimer,≤100
104545622286343,nameisprecious,These ads ran without a disclaimer,≤100
695045403877568,Competitions.archi,These ads ran without a disclaimer,≤100
106705804357319,Bluetti Global,These ads ran without a disclaimer,≤100
101106662115671,Bluetti Deutschland,These ads ran without a disclaimer,≤100
100133042448587,Sneaker Toast Magazine,These ads ran without a disclaimer,≤100
106722822373735,The Fun Insider,These ads ran without a disclaimer,≤100
112528551833342,Mark News,These ads ran without a disclaimer,≤100
193488666400,McMaster University,These ads ran without a disclaimer,≤100
108754795546166,Stale Ample,These ads ran without a disclaimer,≤100
112004551877440,Grown Tame,These ads ran without a disclaimer,≤100
107237888124833,Vy Oanh Authentic - Túi xách cao cấp uy tín,These ads ran without a disclaimer,≤100
6115848166,Nature Portfolio,These ads ran without a disclaimer,≤100
104592220923357,TenPilot,These ads ran without a disclaimer,≤100
116355337718182,Moli lulu,These ads ran without a disclaimer,≤100
208411345454,Manchester City,These ads ran without a disclaimer,≤100
598865763613819,Institute for Zen Leadership,These ads ran without a disclaimer,≤100
201898837323360,Lego-StoryTeller,These ads ran without a disclaimer,≤100
111162488643049,,These ads ran without a disclaimer,≤100
182708684718,Sounds True,These ads ran without a disclaimer,≤100
106408522445243,Last Friendly,These ads ran without a disclaimer,≤100
287193278023020,Jirka Stoček,These ads ran without a disclaimer,≤100
312898778847834,TERRAM PACIS,These ads ran without a disclaimer,≤100
159377910783759,"Асацыяцыя ""Салідарнасць""/ Association ""Salidarnast""",These ads ran without a disclaimer,≤100
101421609364851,Ty Ibarra,These ads ran without a disclaimer,≤100
247194805295271,Helen Doron Global,These ads ran without a disclaimer,≤100
477023325739547,G-therz,These ads ran without a disclaimer,≤100
755052671370244,Daily-Stuff.com,These ads ran without a disclaimer,≤100
106193012436974,mauro.juros,These ads ran without a disclaimer,≤100
100064683493415,,These ads ran without a disclaimer,≤100
106413891847130,Investing Zeitschrift,These ads ran without a disclaimer,≤100
116501001415164,Return Simple,These ads ran without a disclaimer,≤100
340577086006224,CRI German,These ads ran without a disclaimer,≤100
105962808801596,IZZY - Stream Israel,These ads ran without a disclaimer,≤100
19746387261,Humane Society International,These ads ran without a disclaimer,≤100
106249334965878,Project Decolonise,These ads ran without a disclaimer,≤100
1954799894783761,Moratory,These ads ran without a disclaimer,≤100
111518255247781,artfulapparell,These ads ran without a disclaimer,≤100
107616545277373,YYOfi3,These ads ran without a disclaimer,≤100
109357474725736,Bluetti Europe,These ads ran without a disclaimer,≤100
178184175656121,Chris Jimenez Nature Photography,These ads ran without a disclaimer,≤100
267353906619818,Mr. Gugu & Miss Go,These ads ran without a disclaimer,≤100
112416511808997,Nice Day,These ads ran without a disclaimer,≤100
100575406353267,Andrey Krasnov,These ads ran without a disclaimer,≤100
109888808553507,Neol,These ads ran without a disclaimer,≤100
191399134327652,aramco,These ads ran without a disclaimer,≤100
100582266255364,International Molecular Plant Protection Congress,These ads ran without a disclaimer,≤100
108087520855827,Native Threads Collective,These ads ran without a disclaimer,≤100
101628406259500,Monyka Prince,These ads ran without a disclaimer,≤100
101447729616969,Putrid Fruitful,These ads ran without a disclaimer,≤100
612984478813856,Henry Harvin Education,These ads ran without a disclaimer,≤100
104099512361482,Funnies Now - Magazine,These ads ran without a disclaimer,≤100
102998939765184,Persian bms,These ads ran without a disclaimer,≤100
103642878968613,Way of Life,These ads ran without a disclaimer,≤100
113613484110742,olya_k_olya_olya,These ads ran without a disclaimer,≤100
106813865563384,Olga Kondratova Bureau of Architecture,These ads ran without a disclaimer,≤100
109305525113098,Pupil Loves,These ads ran without a disclaimer,≤100
204816652874409,haGalil.com,These ads ran without a disclaimer,≤100
112636161675256,Carnuoyy,These ads ran without a disclaimer,≤100
124109327256894,Dra. Ângela Pistão,These ads ran without a disclaimer,≤100
110099331940978,More Hackz - MediaSmarter,These ads ran without a disclaimer,≤100
161388970605731,PTC,These ads ran without a disclaimer,≤100
108341542205717,Charming it6,These ads ran without a disclaimer,≤100
112232541852711,Id4,These ads ran without a disclaimer,≤100
112036675167661,Fair hb2,These ads ran without a disclaimer,≤100
1006411482778121,FedEx,These ads ran without a disclaimer,≤100